sample_id,metabolite,value,Age (Months),Treatment,canonical_metabolite,Age_(Months),Treatment_factor,is_control,dataset_id,velocity,phase,tissue,Sample type,Species,bleomycin/IPF,saline/HLF,wt B6,Sample_type,Species_factor,bleomycin/IPF_factor,saline/HLF_factor,wt_B6,Tissue,Tissue_factor,log_value,control_log,control_raw,delta_log,percent_change,zscore_delta
JWY1-RF,ATP,1373992.347,5-6,,ATP,5-6,None,True,ST001329,1.6346478411541698,Phase I,Heart_Native_Tissue,,,,,,,,,,,,,14.133231909685751,13.868364320797546,1063686.763,0.0,0.0,0.33155653906549504
JWY1-LB,ATP,926152.7571,5-6,,ATP,5-6,None,True,ST001329,1.6346478411541698,Phase I,Heart_Native_Tissue,,,,,,,,,,,,,13.738795544228923,13.868364320797546,1063686.763,0.0,0.0,0.33155653906549504
JWY1-RB,ATP,945960.2263,5-6,,ATP,5-6,None,True,ST001329,1.6346478411541698,Phase I,Heart_Native_Tissue,,,,,,,,,,,,,13.759956860196139,13.868364320797546,1063686.763,0.0,0.0,0.33155653906549504
JWY1-LF,ATP,976302.0296,5-6,,ATP,5-6,None,True,ST001329,1.6346478411541698,Phase I,Heart_Native_Tissue,,,,,,,,,,,,,13.791528298353473,13.868364320797546,1063686.763,0.0,0.0,0.33155653906549504
JWY2-LB,ATP,1037740.754,5-6,,ATP,5-6,None,True,ST001329,1.6346478411541698,Phase I,Heart_Native_Tissue,,,,,,,,,,,,,13.852557519846616,13.868364320797546,1063686.763,0.0,0.0,0.33155653906549504
JWY2-RB,ATP,1195544.836,5-6,,ATP,5-6,None,True,ST001329,1.6346478411541698,Phase I,Heart_Native_Tissue,,,,,,,,,,,,,13.99411340558887,13.868364320797546,1063686.763,0.0,0.0,0.33155653906549504
JWY2-LF,ATP,904616.012,5-6,,ATP,5-6,None,True,ST001329,1.6346478411541698,Phase I,Heart_Native_Tissue,,,,,,,,,,,,,13.715266941951192,13.868364320797546,1063686.763,0.0,0.0,0.33155653906549504
JWY2-RF,ATP,1148422.053,5-6,,ATP,5-6,None,True,ST001329,1.6346478411541698,Phase I,Heart_Native_Tissue,,,,,,,,,,,,,13.953900301043587,13.868364320797546,1063686.763,0.0,0.0,0.33155653906549504
JWY4-RF,ATP,973687.3225,5-6,,ATP,5-6,None,True,ST001329,1.6346478411541698,Phase I,Heart_Native_Tissue,,,,,,,,,,,,,13.788846533981303,13.868364320797546,1063686.763,0.0,0.0,0.33155653906549504
JWY4-LF,ATP,1122206.589,5-6,,ATP,5-6,None,True,ST001329,1.6346478411541698,Phase I,Heart_Native_Tissue,,,,,,,,,,,,,13.930808364885303,13.868364320797546,1063686.763,0.0,0.0,0.33155653906549504
JWY4-RB,ATP,916203.9705,5-6,,ATP,5-6,None,True,ST001329,1.6346478411541698,Phase I,Heart_Native_Tissue,,,,,,,,,,,,,13.727995385545581,13.868364320797546,1063686.763,0.0,0.0,0.33155653906549504
JWY4-LB,ATP,1243412.259,5-6,,ATP,5-6,None,True,ST001329,1.6346478411541698,Phase I,Heart_Native_Tissue,,,,,,,,,,,,,14.033370784263816,13.868364320797546,1063686.763,0.0,0.0,0.33155653906549504
JW42-NP,ATP,716682.8748,26,,ATP,26,None,False,ST001329,1.6346478411541698,Phase I,Heart_Native_Tissue,,,,,,,,,,,,,13.482390122496305,13.868364320797546,1063686.763,-0.38597419830124124,-32.622751384187346,-1.5638155659389494
JW41-RF,ATP,684341.1038,26,,ATP,26,None,False,ST001329,1.6346478411541698,Phase I,Heart_Native_Tissue,,,,,,,,,,,,,13.436213223324874,13.868364320797546,1063686.763,-0.4321510974726728,-35.6632866361993,-1.7905727092152095
JW42-LF,ATP,1066380.453,26,,ATP,26,None,False,ST001329,1.6346478411541698,Phase I,Heart_Native_Tissue,,,,,,,,,,,,,13.87978165553485,13.868364320797546,1063686.763,0.01141733473730433,0.2532409064114624,0.38762271620849525
JW43-RB,ATP,1257247.007,26,,ATP,26,None,False,ST001329,1.6346478411541698,Phase I,Heart_Native_Tissue,,,,,,,,,,,,,14.044435768827148,13.868364320797546,1063686.763,0.17607144802960129,18.197109405976498,1.1961762793274773
JW49-RF,ATP,1002201.332,26,,ATP,26,None,False,ST001329,1.6346478411541698,Phase I,Heart_Native_Tissue,,,,,,,,,,,,,13.817710468385917,13.868364320797546,1063686.763,-0.050653852411629785,-5.780407648073738,0.08281478561521928
JW48-NP,ATP,1016450.573,26,,ATP,26,None,False,ST001329,1.6346478411541698,Phase I,Heart_Native_Tissue,,,,,,,,,,,,,13.831828269990933,13.868364320797546,1063686.763,-0.03653605080661393,-4.440798893348648,0.15214192578133431
JW49-LB,ATP,1416299.312,26,,ATP,26,None,False,ST001329,1.6346478411541698,Phase I,Heart_Native_Tissue,,,,,,,,,,,,,14.163558615494775,13.868364320797546,1063686.763,0.2951942946972288,33.150036389049234,1.7811431544094398
JW25-NP,ATP,613407.8561,26,,ATP,26,None,False,ST001329,1.6346478411541698,Phase I,Heart_Native_Tissue,,,,,,,,,,,,,13.326786968282226,13.868364320797546,1063686.763,-0.5415773525153202,-42.33190846805716,-2.327923320410893
JW37-LB,ATP,1043775.562,26,,ATP,26,None,False,ST001329,1.6346478411541698,Phase I,Heart_Native_Tissue,,,,,,,,,,,,,13.858356003446145,13.868364320797546,1063686.763,-0.010008317351401175,-1.8719045580526794,0.2824095090065774
JW25-R,ATP,632337.3512,26,,ATP,26,None,False,ST001329,1.6346478411541698,Phase I,Heart_Native_Tissue,,,,,,,,,,,,,13.357179895694625,13.868364320797546,1063686.763,-0.5111844251029218,-40.55229667270006,-2.1786752435694323
JWY1-RF,Indole-3-Lactate,30684.55627,5-6,,Lactate,5-6,None,True,ST001329,1.6346478411541698,Phase I,Heart_Native_Tissue,,,,,,,,,,,,,10.331547343060379,14.171996511183117,26315502.6277575,0.0,0.0,-0.022320754348046715
JWY1-LB,Indole-3-Lactate,43083.44355,5-6,,Lactate,5-6,None,True,ST001329,1.6346478411541698,Phase I,Heart_Native_Tissue,,,,,,,,,,,,,10.670917272422773,14.171996511183117,26315502.6277575,0.0,0.0,-0.022320754348046715
JWY1-RB,Indole-3-Lactate,43200.73821,5-6,,Lactate,5-6,None,True,ST001329,1.6346478411541698,Phase I,Heart_Native_Tissue,,,,,,,,,,,,,10.673636009765334,14.171996511183117,26315502.6277575,0.0,0.0,-0.022320754348046715
JWY1-LF,Indole-3-Lactate,36440.77509,5-6,,Lactate,5-6,None,True,ST001329,1.6346478411541698,Phase I,Heart_Native_Tissue,,,,,,,,,,,,,10.503471062865847,14.171996511183117,26315502.6277575,0.0,0.0,-0.022320754348046715
JWY2-LB,Indole-3-Lactate,31141.95374,5-6,,Lactate,5-6,None,True,ST001329,1.6346478411541698,Phase I,Heart_Native_Tissue,,,,,,,,,,,,,10.346343294454222,14.171996511183117,26315502.6277575,0.0,0.0,-0.022320754348046715
JWY2-RB,Indole-3-Lactate,37896.60426,5-6,,Lactate,5-6,None,True,ST001329,1.6346478411541698,Phase I,Heart_Native_Tissue,,,,,,,,,,,,,10.542643176935343,14.171996511183117,26315502.6277575,0.0,0.0,-0.022320754348046715
JWY2-LF,Indole-3-Lactate,38461.86021,5-6,,Lactate,5-6,None,True,ST001329,1.6346478411541698,Phase I,Heart_Native_Tissue,,,,,,,,,,,,,10.557448384812313,14.171996511183117,26315502.6277575,0.0,0.0,-0.022320754348046715
JWY2-RF,Indole-3-Lactate,39336.6069,5-6,,Lactate,5-6,None,True,ST001329,1.6346478411541698,Phase I,Heart_Native_Tissue,,,,,,,,,,,,,10.579936258877709,14.171996511183117,26315502.6277575,0.0,0.0,-0.022320754348046715
JWY4-RF,Indole-3-Lactate,46121.67938,5-6,,Lactate,5-6,None,True,ST001329,1.6346478411541698,Phase I,Heart_Native_Tissue,,,,,,,,,,,,,10.739060068532444,14.171996511183117,26315502.6277575,0.0,0.0,-0.022320754348046715
JWY4-LF,Indole-3-Lactate,36594.39816,5-6,,Lactate,5-6,None,True,ST001329,1.6346478411541698,Phase I,Heart_Native_Tissue,,,,,,,,,,,,,10.507677778151026,14.171996511183117,26315502.6277575,0.0,0.0,-0.022320754348046715
JWY4-RB,Indole-3-Lactate,45967.18608,5-6,,Lactate,5-6,None,True,ST001329,1.6346478411541698,Phase I,Heart_Native_Tissue,,,,,,,,,,,,,10.735704829244293,14.171996511183117,26315502.6277575,0.0,0.0,-0.022320754348046715
JWY4-LB,Indole-3-Lactate,42206.81433,5-6,,Lactate,5-6,None,True,ST001329,1.6346478411541698,Phase I,Heart_Native_Tissue,,,,,,,,,,,,,10.650360656578252,14.171996511183117,26315502.6277575,0.0,0.0,-0.022320754348046715
JW42-NP,Indole-3-Lactate,42952.11731,26,,Lactate,26,None,False,ST001329,1.6346478411541698,Phase I,Heart_Native_Tissue,,,,,,,,,,,,,10.66786450475532,14.171996511183117,26315502.6277575,-3.504132006427797,-99.83678017510222,-1.5079620962162432
JW41-RF,Indole-3-Lactate,55706.27581,26,,Lactate,26,None,False,ST001329,1.6346478411541698,Phase I,Heart_Native_Tissue,,,,,,,,,,,,,10.927866042339796,14.171996511183117,26315502.6277575,-3.2441304688433217,-99.78831384451216,-1.3977296527819654
JW42-LF,Indole-3-Lactate,35798.70126,26,,Lactate,26,None,False,ST001329,1.6346478411541698,Phase I,Heart_Native_Tissue,,,,,,,,,,,,,10.485694827661238,14.171996511183117,26315502.6277575,-3.6863016835218794,-99.86396345239388,-1.5851962880301653
JW43-RB,Indole-3-Lactate,42112.69758,26,,Lactate,26,None,False,ST001329,1.6346478411541698,Phase I,Heart_Native_Tissue,,,,,,,,,,,,,10.648128324947747,14.171996511183117,26315502.6277575,-3.5238681862353705,-99.83997000484582,-1.5163296133642532
JW49-RF,Indole-3-Lactate,49436.995,26,,Lactate,26,None,False,ST001329,1.6346478411541698,Phase I,Heart_Native_Tissue,,,,,,,,,,,,,10.808474537102109,14.171996511183117,26315502.6277575,-3.3635219740810083,-99.81213737127005,-1.4483478816967486
JW48-NP,Indole-3-Lactate,68521.85881,26,,Lactate,26,None,False,ST001329,1.6346478411541698,Phase I,Heart_Native_Tissue,,,,,,,,,,,,,11.134922673838576,14.171996511183117,26315502.6277575,-3.0370738373445416,-99.73961409827787,-1.3099441780058185
JW49-LB,Indole-3-Lactate,44882.82085,26,,Lactate,26,None,False,ST001329,1.6346478411541698,Phase I,Heart_Native_Tissue,,,,,,,,,,,,,10.711832671376738,14.171996511183117,26315502.6277575,-3.4601638398063788,-99.82944342167853,-1.4893209816865658
JW25-NP,Indole-3-Lactate,35661.13321,26,,Lactate,26,None,False,ST001329,1.6346478411541698,Phase I,Heart_Native_Tissue,,,,,,,,,,,,,10.481844710435565,14.171996511183117,26315502.6277575,-3.690151800747552,-99.86448621668208,-1.5868286161819034
JW37-LB,Indole-3-Lactate,53160.31301,26,,Lactate,26,None,False,ST001329,1.6346478411541698,Phase I,Heart_Native_Tissue,,,,,,,,,,,,,10.881086211732093,14.171996511183117,26315502.6277575,-3.290910299451024,-99.7979886086085,-1.4175628240748592
JW25-R,Indole-3-Lactate,72973.97016,26,,Lactate,26,None,False,ST001329,1.6346478411541698,Phase I,Heart_Native_Tissue,,,,,,,,,,,,,11.197871786815071,14.171996511183117,26315502.6277575,-2.974124724368046,-99.72269589073694,-1.2832557414685346
JWY1-RF,lactate,45216092.34,5-6,,Lactate,5-6,None,True,ST001329,1.6346478411541698,Phase I,Heart_Native_Tissue,,,,,,,,,,,,,17.626963628777776,14.171996511183117,26315502.6277575,0.0,0.0,-0.022320754348046715
JWY1-LB,lactate,53488581.67,5-6,,Lactate,5-6,None,True,ST001329,1.6346478411541698,Phase I,Heart_Native_Tissue,,,,,,,,,,,,,17.794978781054116,14.171996511183117,26315502.6277575,0.0,0.0,-0.022320754348046715
JWY1-RB,lactate,48477914.26,5-6,,Lactate,5-6,None,True,ST001329,1.6346478411541698,Phase I,Heart_Native_Tissue,,,,,,,,,,,,,17.696618896738013,14.171996511183117,26315502.6277575,0.0,0.0,-0.022320754348046715
JWY1-LF,lactate,52156533.57,5-6,,Lactate,5-6,None,True,ST001329,1.6346478411541698,Phase I,Heart_Native_Tissue,,,,,,,,,,,,,17.76976003491695,14.171996511183117,26315502.6277575,0.0,0.0,-0.022320754348046715
JWY2-LB,lactate,55187261.51,5-6,,Lactate,5-6,None,True,ST001329,1.6346478411541698,Phase I,Heart_Native_Tissue,,,,,,,,,,,,,17.826242732989634,14.171996511183117,26315502.6277575,0.0,0.0,-0.022320754348046715
JWY2-RB,lactate,55090252.84,5-6,,Lactate,5-6,None,True,ST001329,1.6346478411541698,Phase I,Heart_Native_Tissue,,,,,,,,,,,,,17.824483377171084,14.171996511183117,26315502.6277575,0.0,0.0,-0.022320754348046715
JWY2-LF,lactate,56471360.19,5-6,,Lactate,5-6,None,True,ST001329,1.6346478411541698,Phase I,Heart_Native_Tissue,,,,,,,,,,,,,17.84924418601585,14.171996511183117,26315502.6277575,0.0,0.0,-0.022320754348046715
JWY2-RF,lactate,51178710.04,5-6,,Lactate,5-6,None,True,ST001329,1.6346478411541698,Phase I,Heart_Native_Tissue,,,,,,,,,,,,,17.750834203540947,14.171996511183117,26315502.6277575,0.0,0.0,-0.022320754348046715
JWY4-RF,lactate,44481328.62,5-6,,Lactate,5-6,None,True,ST001329,1.6346478411541698,Phase I,Heart_Native_Tissue,,,,,,,,,,,,,17.6105800999958,14.171996511183117,26315502.6277575,0.0,0.0,-0.022320754348046715
JWY4-LF,lactate,61291037.95,5-6,,Lactate,5-6,None,True,ST001329,1.6346478411541698,Phase I,Heart_Native_Tissue,,,,,,,,,,,,,17.93114420669693,14.171996511183117,26315502.6277575,0.0,0.0,-0.022320754348046715
JWY4-RB,lactate,56331352.01,5-6,,Lactate,5-6,None,True,ST001329,1.6346478411541698,Phase I,Heart_Native_Tissue,,,,,,,,,,,,,17.846761829932696,14.171996511183117,26315502.6277575,0.0,0.0,-0.022320754348046715
JWY4-LB,lactate,51730501.45,5-6,,Lactate,5-6,None,True,ST001329,1.6346478411541698,Phase I,Heart_Native_Tissue,,,,,,,,,,,,,17.76155815486506,14.171996511183117,26315502.6277575,0.0,0.0,-0.022320754348046715
JW42-NP,lactate,52885959.14,26,,Lactate,26,None,False,ST001329,1.6346478411541698,Phase I,Heart_Native_Tissue,,,,,,,,,,,,,17.783648457821993,14.171996511183117,26315502.6277575,3.611651946638876,100.96883532148868,1.508905647660511
JW41-RF,lactate,47327996.29,26,,Lactate,26,None,False,ST001329,1.6346478411541698,Phase I,Heart_Native_Tissue,,,,,,,,,,,,,17.67261258723269,14.171996511183117,26315502.6277575,3.500616076049571,79.84834627509106,1.4618299440411253
JW42-LF,lactate,49172547.61,26,,Lactate,26,None,False,ST001329,1.6346478411541698,Phase I,Heart_Native_Tissue,,,,,,,,,,,,,17.710846070666374,14.171996511183117,26315502.6277575,3.538849559483257,86.8577176942574,1.4780397339487326
JW43-RB,lactate,54616893.66,26,,Lactate,26,None,False,ST001329,1.6346478411541698,Phase I,Heart_Native_Tissue,,,,,,,,,,,,,17.815853818860106,14.171996511183117,26315502.6277575,3.6438573076769885,107.54645819453317,1.522559703986085
JW49-RF,lactate,54074399.3,26,,Lactate,26,None,False,ST001329,1.6346478411541698,Phase I,Heart_Native_Tissue,,,,,,,,,,,,,17.805871439589335,14.171996511183117,26315502.6277575,3.633874928406218,105.48495715587248,1.5183274903287054
JW48-NP,lactate,57184224.25,26,,Lactate,26,None,False,ST001329,1.6346478411541698,Phase I,Heart_Native_Tissue,,,,,,,,,,,,,17.861788635972427,14.171996511183117,26315502.6277575,3.68979212478931,117.30242077794205,1.5420346162348355
JW49-LB,lactate,56706380.45,26,,Lactate,26,None,False,ST001329,1.6346478411541698,Phase I,Heart_Native_Tissue,,,,,,,,,,,,,17.85339730998402,14.171996511183117,26315502.6277575,3.6814007988009045,115.48659454517242,1.5384769589380782
JW25-NP,lactate,56219703.04,26,,Lactate,26,None,False,ST001329,1.6346478411541698,Phase I,Heart_Native_Tissue,,,,,,,,,,,,,17.844777859110057,14.171996511183117,26315502.6277575,3.6727813479269393,113.6372002285058,1.5348225838919685
JW37-LB,lactate,51153019.62,26,,Lactate,26,None,False,ST001329,1.6346478411541698,Phase I,Heart_Native_Tissue,,,,,,,,,,,,,17.75033210277273,14.171996511183117,26315502.6277575,3.578335591589614,94.38359336539509,1.4947805649493717
JW25-R,lactate,49214202.64,26,,Lactate,26,None,False,ST001329,1.6346478411541698,Phase I,Heart_Native_Tissue,,,,,,,,,,,,,17.711692831668977,14.171996511183117,26315502.6277575,3.5396963204858594,87.01600853365055,1.4783987338807671
JWY1-RF,NAD,298739.9547,5-6,,NAD+,5-6,None,True,ST001329,1.6346478411541698,Phase I,Heart_Native_Tissue,,,,,,,,,,,,,12.607332104614683,10.583217282773406,115208.42495616667,0.0,0.0,0.011950815666210401
JWY1-LB,NAD,247592.1878,5-6,,NAD+,5-6,None,True,ST001329,1.6346478411541698,Phase I,Heart_Native_Tissue,,,,,,,,,,,,,12.419542306490019,10.583217282773406,115208.42495616667,0.0,0.0,0.011950815666210401
JWY1-RB,NAD,311875.1685,5-6,,NAD+,5-6,None,True,ST001329,1.6346478411541698,Phase I,Heart_Native_Tissue,,,,,,,,,,,,,12.650361492174289,10.583217282773406,115208.42495616667,0.0,0.0,0.011950815666210401
JWY1-LF,NAD,265076.2166,5-6,,NAD+,5-6,None,True,ST001329,1.6346478411541698,Phase I,Heart_Native_Tissue,,,,,,,,,,,,,12.487776445920689,10.583217282773406,115208.42495616667,0.0,0.0,0.011950815666210401
JWY2-LB,NAD,276467.6144,5-6,,NAD+,5-6,None,True,ST001329,1.6346478411541698,Phase I,Heart_Native_Tissue,,,,,,,,,,,,,12.52985258319433,10.583217282773406,115208.42495616667,0.0,0.0,0.011950815666210401
JWY2-RB,NAD,238544.2937,5-6,,NAD+,5-6,None,True,ST001329,1.6346478411541698,Phase I,Heart_Native_Tissue,,,,,,,,,,,,,12.382314481971605,10.583217282773406,115208.42495616667,0.0,0.0,0.011950815666210401
JWY2-LF,NAD,227247.206,5-6,,NAD+,5-6,None,True,ST001329,1.6346478411541698,Phase I,Heart_Native_Tissue,,,,,,,,,,,,,12.333798117619125,10.583217282773406,115208.42495616667,0.0,0.0,0.011950815666210401
JWY2-RF,NAD,287862.1744,5-6,,NAD+,5-6,None,True,ST001329,1.6346478411541698,Phase I,Heart_Native_Tissue,,,,,,,,,,,,,12.57024055733871,10.583217282773406,115208.42495616667,0.0,0.0,0.011950815666210401
JWY4-RF,NAD,285180.252,5-6,,NAD+,5-6,None,True,ST001329,1.6346478411541698,Phase I,Heart_Native_Tissue,,,,,,,,,,,,,12.560880229036165,10.583217282773406,115208.42495616667,0.0,0.0,0.011950815666210401
JWY4-LF,NAD,268455.6246,5-6,,NAD+,5-6,None,True,ST001329,1.6346478411541698,Phase I,Heart_Native_Tissue,,,,,,,,,,,,,12.500444632767321,10.583217282773406,115208.42495616667,0.0,0.0,0.011950815666210401
JWY4-RB,NAD,283178.7057,5-6,,NAD+,5-6,None,True,ST001329,1.6346478411541698,Phase I,Heart_Native_Tissue,,,,,,,,,,,,,12.553836977570112,10.583217282773406,115208.42495616667,0.0,0.0,0.011950815666210401
JWY4-LB,NAD,288599.5989,5-6,,NAD+,5-6,None,True,ST001329,1.6346478411541698,Phase I,Heart_Native_Tissue,,,,,,,,,,,,,12.57279900051033,10.583217282773406,115208.42495616667,0.0,0.0,0.011950815666210401
JW42-NP,NAD,254372.6235,26,,NAD+,26,None,False,ST001329,1.6346478411541698,Phase I,Heart_Native_Tissue,,,,,,,,,,,,,12.446559423862144,10.583217282773406,115208.42495616667,1.8633421410887383,120.79342165885969,1.483881001116575
JW41-RF,NAD,229915.6619,26,,NAD+,26,None,False,ST001329,1.6346478411541698,Phase I,Heart_Native_Tissue,,,,,,,,,,,,,12.345472182679273,10.583217282773406,115208.42495616667,1.7622548999058676,99.56497277649268,1.4040280538880916
JW42-LF,NAD,226132.4302,26,,NAD+,26,None,False,ST001329,1.6346478411541698,Phase I,Heart_Native_Tissue,,,,,,,,,,,,,12.328880503152478,10.583217282773406,115208.42495616667,1.7456632203790718,96.28115763759168,1.3909216074742623
JW43-RB,NAD,298935.3311,26,,NAD+,26,None,False,ST001329,1.6346478411541698,Phase I,Heart_Native_Tissue,,,,,,,,,,,,,12.607985890233113,10.583217282773406,115208.42495616667,2.0247686074597073,159.47349875995258,1.611398370762487
JW49-RF,NAD,293243.2988,26,,NAD+,26,None,False,ST001329,1.6346478411541698,Phase I,Heart_Native_Tissue,,,,,,,,,,,,,12.58876132489451,10.583217282773406,115208.42495616667,2.0055440421211035,154.53285982476564,1.5962121001361382
JW48-NP,NAD,250342.6498,26,,NAD+,26,None,False,ST001329,1.6346478411541698,Phase I,Heart_Native_Tissue,,,,,,,,,,,,,12.43058985214779,10.583217282773406,115208.42495616667,1.847372569374384,117.29543641903608,1.4712659831138493
JW49-LB,NAD,311420.9047,26,,NAD+,26,None,False,ST001329,1.6346478411541698,Phase I,Heart_Native_Tissue,,,,,,,,,,,,,12.648903878554222,10.583217282773406,115208.42495616667,2.065686595780816,170.31087771444345,1.6437211636675808
JW25-NP,NAD,206411.106,26,,NAD+,26,None,False,ST001329,1.6346478411541698,Phase I,Heart_Native_Tissue,,,,,,,,,,,,,12.237629963970294,10.583217282773406,115208.42495616667,1.654412681196888,79.16320449527299,1.3188390735696738
JW37-LB,NAD,239061.6021,26,,NAD+,26,None,False,ST001329,1.6346478411541698,Phase I,Heart_Native_Tissue,,,,,,,,,,,,,12.384480730087867,10.583217282773406,115208.42495616667,1.8012634473144615,107.5035764016006,1.4348425013023125
JW25-R,NAD,204693.8032,26,,NAD+,26,None,False,ST001329,1.6346478411541698,Phase I,Heart_Native_Tissue,,,,,,,,,,,,,12.229275383930926,10.583217282773406,115208.42495616667,1.6460581011575197,77.67259927204093,1.3122394490157407
JWY1-RF,NADH,169135.6304,5-6,,NADH,5-6,None,True,ST001329,1.6346478411541698,Phase I,Heart_Native_Tissue,,,,,,,,,,,,,12.038462131179628,12.072997625278148,176802.88158333334,0.0,0.0,0.34173856090840354
JWY1-LB,NADH,208258.935,5-6,,NADH,5-6,None,True,ST001329,1.6346478411541698,Phase I,Heart_Native_Tissue,,,,,,,,,,,,,12.246542265973975,12.072997625278148,176802.88158333334,0.0,0.0,0.34173856090840354
JWY1-RB,NADH,215906.7449,5-6,,NADH,5-6,None,True,ST001329,1.6346478411541698,Phase I,Heart_Native_Tissue,,,,,,,,,,,,,12.282606488485706,12.072997625278148,176802.88158333334,0.0,0.0,0.34173856090840354
JWY1-LF,NADH,139693.1412,5-6,,NADH,5-6,None,True,ST001329,1.6346478411541698,Phase I,Heart_Native_Tissue,,,,,,,,,,,,,11.847210605926099,12.072997625278148,176802.88158333334,0.0,0.0,0.34173856090840354
JWY2-LB,NADH,166305.5721,5-6,,NADH,5-6,None,True,ST001329,1.6346478411541698,Phase I,Heart_Native_Tissue,,,,,,,,,,,,,12.021588183943138,12.072997625278148,176802.88158333334,0.0,0.0,0.34173856090840354
JWY2-RB,NADH,144597.6612,5-6,,NADH,5-6,None,True,ST001329,1.6346478411541698,Phase I,Heart_Native_Tissue,,,,,,,,,,,,,11.881717330019404,12.072997625278148,176802.88158333334,0.0,0.0,0.34173856090840354
JWY2-LF,NADH,161854.7329,5-6,,NADH,5-6,None,True,ST001329,1.6346478411541698,Phase I,Heart_Native_Tissue,,,,,,,,,,,,,11.99446067979597,12.072997625278148,176802.88158333334,0.0,0.0,0.34173856090840354
JWY2-RF,NADH,182867.4497,5-6,,NADH,5-6,None,True,ST001329,1.6346478411541698,Phase I,Heart_Native_Tissue,,,,,,,,,,,,,12.1165223192257,12.072997625278148,176802.88158333334,0.0,0.0,0.34173856090840354
JWY4-RF,NADH,155970.1038,5-6,,NADH,5-6,None,True,ST001329,1.6346478411541698,Phase I,Heart_Native_Tissue,,,,,,,,,,,,,11.957426037022817,12.072997625278148,176802.88158333334,0.0,0.0,0.34173856090840354
JWY4-LF,NADH,202760.1329,5-6,,NADH,5-6,None,True,ST001329,1.6346478411541698,Phase I,Heart_Native_Tissue,,,,,,,,,,,,,12.21978387996464,12.072997625278148,176802.88158333334,0.0,0.0,0.34173856090840354
JWY4-RB,NADH,205441.7167,5-6,,NADH,5-6,None,True,ST001329,1.6346478411541698,Phase I,Heart_Native_Tissue,,,,,,,,,,,,,12.232922523208606,12.072997625278148,176802.88158333334,0.0,0.0,0.34173856090840354
JWY4-LB,NADH,168842.7582,5-6,,NADH,5-6,None,True,ST001329,1.6346478411541698,Phase I,Heart_Native_Tissue,,,,,,,,,,,,,12.036729058592087,12.072997625278148,176802.88158333334,0.0,0.0,0.34173856090840354
JW42-NP,NADH,136057.6737,26,,NADH,26,None,False,ST001329,1.6346478411541698,Phase I,Heart_Native_Tissue,,,,,,,,,,,,,11.820841495946205,12.072997625278148,176802.88158333334,-0.25215612933194365,-23.045556451594763,-1.5312638008558748
JW41-RF,NADH,138917.349,26,,NADH,26,None,False,ST001329,1.6346478411541698,Phase I,Heart_Native_Tissue,,,,,,,,,,,,,11.841641622249526,12.072997625278148,176802.88158333334,-0.23135600302862258,-21.428119408493114,-1.376761565299151
JW42-LF,NADH,214925.5047,26,,NADH,26,None,False,ST001329,1.6346478411541698,Phase I,Heart_Native_Tissue,,,,,,,,,,,,,12.278051410065014,12.072997625278148,176802.88158333334,0.2050537847868661,21.562218203269577,1.8648672043089825
JW43-RB,NADH,146610.4304,26,,NADH,26,None,False,ST001329,1.6346478411541698,Phase I,Heart_Native_Tissue,,,,,,,,,,,,,11.895541035381545,12.072997625278148,176802.88158333334,-0.17745658989660384,-17.0768999424382,-0.9763995817874116
JW49-RF,NADH,220756.5424,26,,NADH,26,None,False,ST001329,1.6346478411541698,Phase I,Heart_Native_Tissue,,,,,,,,,,,,,12.30482028503994,12.072997625278148,176802.88158333334,0.23182265976179117,24.860262696538566,2.0637049885922445
JW48-NP,NADH,155927.8976,26,,NADH,26,None,False,ST001329,1.6346478411541698,Phase I,Heart_Native_Tissue,,,,,,,,,,,,,11.95715539771491,12.072997625278148,176802.88158333334,-0.11584222756323825,-11.806925201891708,-0.5187313645811041
JW49-LB,NADH,182826.8871,26,,NADH,26,None,False,ST001329,1.6346478411541698,Phase I,Heart_Native_Tissue,,,,,,,,,,,,,12.116300481618458,12.072997625278148,176802.88158333334,0.043302856340309503,3.4071874070826915,0.6633898822997184
JW25-NP,NADH,152411.2034,26,,NADH,26,None,False,ST001329,1.6346478411541698,Phase I,Heart_Native_Tissue,,,,,,,,,,,,,11.934343993832016,12.072997625278148,176802.88158333334,-0.1386536314461324,-13.795973213160947,-0.6881732633801392
JW37-LB,NADH,131402.3931,26,,NADH,26,None,False,ST001329,1.6346478411541698,Phase I,Heart_Native_Tissue,,,,,,,,,,,,,11.78602720737809,12.072997625278148,176802.88158333334,-0.28697041790005784,-25.678590799400812,-1.7898624908182386
JW25-R,NADH,131017.8324,26,,NADH,26,None,False,ST001329,1.6346478411541698,Phase I,Heart_Native_Tissue,,,,,,,,,,,,,11.783096350629611,12.072997625278148,176802.88158333334,-0.2899012746485372,-25.89609896247831,-1.8116327393798672
JWY1-RF,NADP,6335.904559,5-6,,NAD+,5-6,None,True,ST001329,1.6346478411541698,Phase I,Heart_Native_Tissue,,,,,,,,,,,,,8.754145688297998,10.583217282773406,115208.42495616667,0.0,0.0,0.011950815666210401
JWY1-LB,NADP,2561.476942,5-6,,NAD+,5-6,None,True,ST001329,1.6346478411541698,Phase I,Heart_Native_Tissue,,,,,,,,,,,,,7.848729625162276,10.583217282773406,115208.42495616667,0.0,0.0,0.011950815666210401
JWY1-RB,NADP,2468.504032,5-6,,NAD+,5-6,None,True,ST001329,1.6346478411541698,Phase I,Heart_Native_Tissue,,,,,,,,,,,,,7.811772612698521,10.583217282773406,115208.42495616667,0.0,0.0,0.011950815666210401
JWY1-LF,NADP,4779.753412,5-6,,NAD+,5-6,None,True,ST001329,1.6346478411541698,Phase I,Heart_Native_Tissue,,,,,,,,,,,,,8.472353430638378,10.583217282773406,115208.42495616667,0.0,0.0,0.011950815666210401
JWY2-LB,NADP,4052.371832,5-6,,NAD+,5-6,None,True,ST001329,1.6346478411541698,Phase I,Heart_Native_Tissue,,,,,,,,,,,,,8.307304364833259,10.583217282773406,115208.42495616667,0.0,0.0,0.011950815666210401
JWY2-RB,NADP,5314.363761,5-6,,NAD+,5-6,None,True,ST001329,1.6346478411541698,Phase I,Heart_Native_Tissue,,,,,,,,,,,,,8.578356728885659,10.583217282773406,115208.42495616667,0.0,0.0,0.011950815666210401
JWY2-LF,NADP,2207.101259,5-6,,NAD+,5-6,None,True,ST001329,1.6346478411541698,Phase I,Heart_Native_Tissue,,,,,,,,,,,,,7.699888266399793,10.583217282773406,115208.42495616667,0.0,0.0,0.011950815666210401
JWY2-RF,NADP,4622.727182,5-6,,NAD+,5-6,None,True,ST001329,1.6346478411541698,Phase I,Heart_Native_Tissue,,,,,,,,,,,,,8.438956408179093,10.583217282773406,115208.42495616667,0.0,0.0,0.011950815666210401
JWY4-RF,NADP,4681.871722,5-6,,NAD+,5-6,None,True,ST001329,1.6346478411541698,Phase I,Heart_Native_Tissue,,,,,,,,,,,,,8.451666816538454,10.583217282773406,115208.42495616667,0.0,0.0,0.011950815666210401
JWY4-LF,NADP,3405.214374,5-6,,NAD+,5-6,None,True,ST001329,1.6346478411541698,Phase I,Heart_Native_Tissue,,,,,,,,,,,,,8.133356799347684,10.583217282773406,115208.42495616667,0.0,0.0,0.011950815666210401
JWY4-RB,NADP,3868.517936,5-6,,NAD+,5-6,None,True,ST001329,1.6346478411541698,Phase I,Heart_Native_Tissue,,,,,,,,,,,,,8.260885213923961,10.583217282773406,115208.42495616667,0.0,0.0,0.011950815666210401
JWY4-LB,NADP,3085.314801,5-6,,NAD+,5-6,None,True,ST001329,1.6346478411541698,Phase I,Heart_Native_Tissue,,,,,,,,,,,,,8.03473303711778,10.583217282773406,115208.42495616667,0.0,0.0,0.011950815666210401
JW42-NP,NADP,2661.098461,26,,NAD+,26,None,False,ST001329,1.6346478411541698,Phase I,Heart_Native_Tissue,,,,,,,,,,,,,7.8868699858743385,10.583217282773406,115208.42495616667,-2.6963472968990674,-97.69018762125037,-2.1180042200977907
JW41-RF,NADP,2784.346878,26,,NAD+,26,None,False,ST001329,1.6346478411541698,Phase I,Heart_Native_Tissue,,,,,,,,,,,,,7.932127696849562,10.583217282773406,115208.42495616667,-2.6510895859238435,-97.58320897186178,-2.082253302732772
JW42-LF,NADP,3364.511391,26,,NAD+,26,None,False,ST001329,1.6346478411541698,Phase I,Heart_Native_Tissue,,,,,,,,,,,,,8.12133520408328,10.583217282773406,115208.42495616667,-2.4618820786901257,-97.07963077155158,-1.9327905524037305
JW43-RB,NADP,5241.137574,26,,NAD+,26,None,False,ST001329,1.6346478411541698,Phase I,Heart_Native_Tissue,,,,,,,,,,,,,8.564484628102113,10.583217282773406,115208.42495616667,-2.018732654671293,-95.45073411428538,-1.5827286933953058
JW49-RF,NADP,4153.243733,26,,NAD+,26,None,False,ST001329,1.6346478411541698,Phase I,Heart_Native_Tissue,,,,,,,,,,,,,8.33188567700463,10.583217282773406,115208.42495616667,-2.251331605768776,-96.39501734827103,-1.766468120350161
JW48-NP,NADP,3832.439914,26,,NAD+,26,None,False,ST001329,1.6346478411541698,Phase I,Heart_Native_Tissue,,,,,,,,,,,,,8.251517828948892,10.583217282773406,115208.42495616667,-2.3316994538245144,-96.6734725212517,-1.8299539713296331
JW49-LB,NADP,3352.359847,26,,NAD+,26,None,False,ST001329,1.6346478411541698,Phase I,Heart_Native_Tissue,,,,,,,,,,,,,8.117718061614402,10.583217282773406,115208.42495616667,-2.4654992211590034,-97.09017821545997,-1.9356478812150164
JW25-NP,NADP,3397.915937,26,,NAD+,26,None,False,ST001329,1.6346478411541698,Phase I,Heart_Native_Tissue,,,,,,,,,,,,,8.131211817704493,10.583217282773406,115208.42495616667,-2.452005465068913,-97.05063589030681,-1.924988611258022
JW37-LB,NADP,1862.011325,26,,NAD+,26,None,False,ST001329,1.6346478411541698,Phase I,Heart_Native_Tissue,,,,,,,,,,,,,7.529949449488104,10.583217282773406,115208.42495616667,-3.053267833285302,-98.38378892367598,-2.3999503531933843
JW25-R,NADP,1893.648026,26,,NAD+,26,None,False,ST001329,1.6346478411541698,Phase I,Heart_Native_Tissue,,,,,,,,,,,,,7.546788362006465,10.583217282773406,115208.42495616667,-3.036428920766941,-98.3563285178836,-2.3866486073253648
JWY1-RF,NADPH,26436.64441,5-6,,NAD+,5-6,None,True,ST001329,1.6346478411541698,Phase I,Heart_Native_Tissue,,,,,,,,,,,,,10.1825441980905,10.583217282773406,115208.42495616667,0.0,0.0,0.011950815666210401
JWY1-LB,NADPH,125157.3922,5-6,,NAD+,5-6,None,True,ST001329,1.6346478411541698,Phase I,Heart_Native_Tissue,,,,,,,,,,,,,11.737335351743134,10.583217282773406,115208.42495616667,0.0,0.0,0.011950815666210401
JWY1-RB,NADPH,79387.58731,5-6,,NAD+,5-6,None,True,ST001329,1.6346478411541698,Phase I,Heart_Native_Tissue,,,,,,,,,,,,,11.28210990025425,10.583217282773406,115208.42495616667,0.0,0.0,0.011950815666210401
JWY1-LF,NADPH,13309.75268,5-6,,NAD+,5-6,None,True,ST001329,1.6346478411541698,Phase I,Heart_Native_Tissue,,,,,,,,,,,,,9.496327459752703,10.583217282773406,115208.42495616667,0.0,0.0,0.011950815666210401
JWY2-LB,NADPH,88142.48679,5-6,,NAD+,5-6,None,True,ST001329,1.6346478411541698,Phase I,Heart_Native_Tissue,,,,,,,,,,,,,11.3867212972913,10.583217282773406,115208.42495616667,0.0,0.0,0.011950815666210401
JWY2-RB,NADPH,101457.4948,5-6,,NAD+,5-6,None,True,ST001329,1.6346478411541698,Phase I,Heart_Native_Tissue,,,,,,,,,,,,,11.52740507560752,10.583217282773406,115208.42495616667,0.0,0.0,0.011950815666210401
JWY2-LF,NADPH,58493.93495,5-6,,NAD+,5-6,None,True,ST001329,1.6346478411541698,Phase I,Heart_Native_Tissue,,,,,,,,,,,,,10.976695447420223,10.583217282773406,115208.42495616667,0.0,0.0,0.011950815666210401
JWY2-RF,NADPH,65381.69265,5-6,,NAD+,5-6,None,True,ST001329,1.6346478411541698,Phase I,Heart_Native_Tissue,,,,,,,,,,,,,11.08801286404317,10.583217282773406,115208.42495616667,0.0,0.0,0.011950815666210401
JWY4-RF,NADPH,63884.20215,5-6,,NAD+,5-6,None,True,ST001329,1.6346478411541698,Phase I,Heart_Native_Tissue,,,,,,,,,,,,,11.064843035299981,10.583217282773406,115208.42495616667,0.0,0.0,0.011950815666210401
JWY4-LF,NADPH,54933.40842,5-6,,NAD+,5-6,None,True,ST001329,1.6346478411541698,Phase I,Heart_Native_Tissue,,,,,,,,,,,,,10.913895178350321,10.583217282773406,115208.42495616667,0.0,0.0,0.011950815666210401
JWY4-RB,NADPH,71350.89513,5-6,,NAD+,5-6,None,True,ST001329,1.6346478411541698,Phase I,Heart_Native_Tissue,,,,,,,,,,,,,11.175379183589385,10.583217282773406,115208.42495616667,0.0,0.0,0.011950815666210401
JWY4-LB,NADPH,73365.68782,5-6,,NAD+,5-6,None,True,ST001329,1.6346478411541698,Phase I,Heart_Native_Tissue,,,,,,,,,,,,,11.203225267169891,10.583217282773406,115208.42495616667,0.0,0.0,0.011950815666210401
JW42-NP,NADPH,83218.34239,26,,NAD+,26,None,False,ST001329,1.6346478411541698,Phase I,Heart_Native_Tissue,,,,,,,,,,,,,11.3292350804389,10.583217282773406,115208.42495616667,0.7460177976654947,-27.76713819179276,0.6012607931808283
JW41-RF,NADPH,65418.07065,26,,NAD+,26,None,False,ST001329,1.6346478411541698,Phase I,Heart_Native_Tissue,,,,,,,,,,,,,11.088569095091135,10.583217282773406,115208.42495616667,0.5053518123177287,-43.21763302042398,0.4111488858541632
JW42-LF,NADPH,68354.48432,26,,NAD+,26,None,False,ST001329,1.6346478411541698,Phase I,Heart_Native_Tissue,,,,,,,,,,,,,11.13247707770417,10.583217282773406,115208.42495616667,0.549259794930764,-40.66884922174153,0.4458335975693149
JW43-RB,NADPH,28600.65389,26,,NAD+,26,None,False,ST001329,1.6346478411541698,Phase I,Heart_Native_Tissue,,,,,,,,,,,,,10.26121982345763,10.583217282773406,115208.42495616667,-0.32199745931577617,-75.17485904274649,-0.24240815016938558
JW49-RF,NADPH,72717.03299,26,,NAD+,26,None,False,ST001329,1.6346478411541698,Phase I,Heart_Native_Tissue,,,,,,,,,,,,,11.194344679393119,10.583217282773406,115208.42495616667,0.6111273966197128,-36.88219154313875,0.4947053471097268
JW48-NP,NADPH,98329.44277,26,,NAD+,26,None,False,ST001329,1.6346478411541698,Phase I,Heart_Native_Tissue,,,,,,,,,,,,,11.496088950662466,10.583217282773406,115208.42495616667,0.9128716678890605,-14.650822795805615,0.733065491161728
JW49-LB,NADPH,222215.0486,26,,NAD+,26,None,False,ST001329,1.6346478411541698,Phase I,Heart_Native_Tissue,,,,,,,,,,,,,12.311405379502093,10.583217282773406,115208.42495616667,1.7281880967286867,92.88090144843673,1.3771172924060429
JW25-NP,NADPH,62573.17088,26,,NAD+,26,None,False,ST001329,1.6346478411541698,Phase I,Heart_Native_Tissue,,,,,,,,,,,,,11.044107866192217,10.583217282773406,115208.42495616667,0.46089058341881106,-45.68698347902317,0.37602714226482076
JW37-LB,NADPH,45479.73728,26,,NAD+,26,None,False,ST001329,1.6346478411541698,Phase I,Heart_Native_Tissue,,,,,,,,,,,,,10.72504415881487,10.583217282773406,115208.42495616667,0.14182687604146338,-60.52394840281544,0.12398566710341369
JW25-R,NADPH,77117.71496,26,,NAD+,26,None,False,ST001329,1.6346478411541698,Phase I,Heart_Native_Tissue,,,,,,,,,,,,,11.25310126628253,10.583217282773406,115208.42495616667,0.6698839835091235,-33.06243446228784,0.5411195787902424
JWY1-RF,Pyruvate,2598.751356,5-6,,Pyruvate,5-6,None,True,ST001329,1.6346478411541698,Phase I,Heart_Native_Tissue,,,,,,,,,,,,,7.86317108712882,7.524481079272168,2607.2784406666665,0.0,0.0,0.2685161987904848
JWY1-LB,Pyruvate,1672.107535,5-6,,Pyruvate,5-6,None,True,ST001329,1.6346478411541698,Phase I,Heart_Native_Tissue,,,,,,,,,,,,,7.422437975669519,7.524481079272168,2607.2784406666665,0.0,0.0,0.2685161987904848
JWY1-RB,Pyruvate,3002.631647,5-6,,Pyruvate,5-6,None,True,ST001329,1.6346478411541698,Phase I,Heart_Native_Tissue,,,,,,,,,,,,,8.007577384526595,7.524481079272168,2607.2784406666665,0.0,0.0,0.2685161987904848
JWY1-LF,Pyruvate,2727.763693,5-6,,Pyruvate,5-6,None,True,ST001329,1.6346478411541698,Phase I,Heart_Native_Tissue,,,,,,,,,,,,,7.9116039259001205,7.524481079272168,2607.2784406666665,0.0,0.0,0.2685161987904848
JWY2-LB,Pyruvate,1632.332094,5-6,,Pyruvate,5-6,None,True,ST001329,1.6346478411541698,Phase I,Heart_Native_Tissue,,,,,,,,,,,,,7.39837743665481,7.524481079272168,2607.2784406666665,0.0,0.0,0.2685161987904848
JWY2-RB,Pyruvate,2321.973458,5-6,,Pyruvate,5-6,None,True,ST001329,1.6346478411541698,Phase I,Heart_Native_Tissue,,,,,,,,,,,,,7.75060330696256,7.524481079272168,2607.2784406666665,0.0,0.0,0.2685161987904848
JWY2-LF,Pyruvate,2237.067155,5-6,,Pyruvate,5-6,None,True,ST001329,1.6346478411541698,Phase I,Heart_Native_Tissue,,,,,,,,,,,,,7.713367895124091,7.524481079272168,2607.2784406666665,0.0,0.0,0.2685161987904848
JWY2-RF,Pyruvate,6044.15075,5-6,,Pyruvate,5-6,None,True,ST001329,1.6346478411541698,Phase I,Heart_Native_Tissue,,,,,,,,,,,,,8.707011700703207,7.524481079272168,2607.2784406666665,0.0,0.0,0.2685161987904848
JWY4-RF,Pyruvate,266.1349289,5-6,,Pyruvate,5-6,None,True,ST001329,1.6346478411541698,Phase I,Heart_Native_Tissue,,,,,,,,,,,,,5.5877538824384825,7.524481079272168,2607.2784406666665,0.0,0.0,0.2685161987904848
JWY4-LF,Pyruvate,369.5350301,5-6,,Pyruvate,5-6,None,True,ST001329,1.6346478411541698,Phase I,Heart_Native_Tissue,,,,,,,,,,,,,5.914947988444882,7.524481079272168,2607.2784406666665,0.0,0.0,0.2685161987904848
JWY4-RB,Pyruvate,7152.489879,5-6,,Pyruvate,5-6,None,True,ST001329,1.6346478411541698,Phase I,Heart_Native_Tissue,,,,,,,,,,,,,8.875355611573488,7.524481079272168,2607.2784406666665,0.0,0.0,0.2685161987904848
JWY4-LB,Pyruvate,1262.403762,5-6,,Pyruvate,5-6,None,True,ST001329,1.6346478411541698,Phase I,Heart_Native_Tissue,,,,,,,,,,,,,7.141564756139445,7.524481079272168,2607.2784406666665,0.0,0.0,0.2685161987904848
JW42-NP,Pyruvate,817.5038928,26,,Pyruvate,26,None,False,ST001329,1.6346478411541698,Phase I,Heart_Native_Tissue,,,,,,,,,,,,,6.707478152816984,7.524481079272168,2607.2784406666665,-0.8170029264551841,-68.64531689254606,-0.6557146756126198
JW41-RF,Pyruvate,1180.95812,26,,Pyruvate,26,None,False,ST001329,1.6346478411541698,Phase I,Heart_Native_Tissue,,,,,,,,,,,,,7.074927765866253,7.524481079272168,2607.2784406666665,-0.4495533134059153,-54.705331752061134,-0.2400389587077832
JW42-LF,Pyruvate,929.116548,26,,Pyruvate,26,None,False,ST001329,1.6346478411541698,Phase I,Heart_Native_Tissue,,,,,,,,,,,,,6.83530989872546,7.524481079272168,2607.2784406666665,-0.6891711805467082,-64.36450616442676,-0.5111055898042264
JW43-RB,Pyruvate,1562.687115,26,,Pyruvate,26,None,False,ST001329,1.6346478411541698,Phase I,Heart_Native_Tissue,,,,,,,,,,,,,7.35480184674389,7.524481079272168,2607.2784406666665,-0.16967923252827788,-40.06443306452419,0.07656733255070111
JW49-RF,Pyruvate,2163.511837,26,,Pyruvate,26,None,False,ST001329,1.6346478411541698,Phase I,Heart_Native_Tissue,,,,,,,,,,,,,7.679950135566551,7.524481079272168,2607.2784406666665,0.15546905629438257,-17.020299663629245,0.44438986727906965
JW48-NP,Pyruvate,902.0576754,26,,Pyruvate,26,None,False,ST001329,1.6346478411541698,Phase I,Heart_Native_Tissue,,,,,,,,,,,,,6.805786422252189,7.524481079272168,2607.2784406666665,-0.718694657019979,-65.4023267584206,-0.5445038893607548
JW49-LB,Pyruvate,6898.997824,26,,Pyruvate,26,None,False,ST001329,1.6346478411541698,Phase I,Heart_Native_Tissue,,,,,,,,,,,,,8.839276375222981,7.524481079272168,2607.2784406666665,1.3147952959508133,164.6053339142391,1.7558724452486374
JW25-NP,Pyruvate,41.71299643,26,,Pyruvate,26,None,False,ST001329,1.6346478411541698,Phase I,Heart_Native_Tissue,,,,,,,,,,,,,3.754503239966786,7.524481079272168,2607.2784406666665,-3.769977839305382,-98.40013265252428,-3.996254222558391
JW37-LB,Pyruvate,3041.171855,26,,Pyruvate,26,None,False,ST001329,1.6346478411541698,Phase I,Heart_Native_Tissue,,,,,,,,,,,,,8.020326965306348,7.524481079272168,2607.2784406666665,0.49584588603417945,16.641621683581654,0.8294396202119013
JW25-R,Pyruvate,1042.626221,26,,Pyruvate,26,None,False,ST001329,1.6346478411541698,Phase I,Heart_Native_Tissue,,,,,,,,,,,,,6.950456678473954,7.524481079272168,2607.2784406666665,-0.5740244007982138,-60.0109368935139,-0.3808463147323514
S00015475,PHOSPHOENOLPYRUVATE,0.0957662,,,Pyruvate,,,True,ST000828,4.162418661183056,Phase II,Lung,Cells,Homo sapiens,N,Y,N,Cells,Homo sapiens,N,Y,N,,,0.09145384460174394,0.4709908803888151,0.69444029,0.0,0.0,0.08188098517590613
S00015476,PHOSPHOENOLPYRUVATE,0.1273109,,,Pyruvate,,,True,ST000828,4.162418661183056,Phase II,Lung,Cells,Homo sapiens,N,Y,N,Cells,Homo sapiens,N,Y,N,,,0.11983506214251129,0.4709908803888151,0.69444029,0.0,0.0,0.08188098517590613
S00015477,PHOSPHOENOLPYRUVATE,0.262627,,,Pyruvate,,,True,ST000828,4.162418661183056,Phase II,Lung,Cells,Homo sapiens,N,Y,N,Cells,Homo sapiens,N,Y,N,,,0.23319447116754066,0.4709908803888151,0.69444029,0.0,0.0,0.08188098517590613
S00015478,PHOSPHOENOLPYRUVATE,0.1784907,,,Pyruvate,,,True,ST000828,4.162418661183056,Phase II,Lung,Cells,Homo sapiens,N,Y,N,Cells,Homo sapiens,N,Y,N,,,0.16423455197555478,0.4709908803888151,0.69444029,0.0,0.0,0.08188098517590613
S00015479,PHOSPHOENOLPYRUVATE,0.0631907,,,Pyruvate,,,True,ST000828,4.162418661183056,Phase II,Lung,Cells,Homo sapiens,N,Y,N,Cells,Homo sapiens,N,Y,N,,,0.06127448120031217,0.4709908803888151,0.69444029,0.0,0.0,0.08188098517590613
S00015480,PHOSPHOENOLPYRUVATE,0.1120064,,,Pyruvate,,,False,ST000828,4.162418661183056,Phase II,Lung,Cells,Homo sapiens,Y,N,N,Cells,Homo sapiens,Y,N,N,,,0.10616595120751186,0.4709908803888151,0.69444029,-0.3648249291813032,-83.87098190976216,-1.5022476068531279
S00015481,PHOSPHOENOLPYRUVATE,0.0970568,,,Pyruvate,,,False,ST000828,4.162418661183056,Phase II,Lung,Cells,Homo sapiens,Y,N,N,Cells,Homo sapiens,Y,N,N,,,0.09263095752788592,0.4709908803888151,0.69444029,-0.3783599228609292,-86.02373718840535,-1.5610187290155948
S00015482,PHOSPHOENOLPYRUVATE,0.2332775,,,Pyruvate,,,False,ST000828,4.162418661183056,Phase II,Lung,Cells,Homo sapiens,Y,N,N,Cells,Homo sapiens,Y,N,N,,,0.20967525968706918,0.4709908803888151,0.69444029,-0.2613156207017459,-66.40783903825626,-1.052793520830041
S00015483,PHOSPHOENOLPYRUVATE,0.1411019,,,Pyruvate,,,False,ST000828,4.162418661183056,Phase II,Lung,Cells,Homo sapiens,Y,N,N,Cells,Homo sapiens,Y,N,N,,,0.13199437451714052,0.4709908803888151,0.69444029,-0.33899650587167457,-79.68120484483985,-1.3900964335667252
S00015484,PHOSPHOENOLPYRUVATE,0.139734,,,Pyruvate,,,False,ST000828,4.162418661183056,Phase II,Lung,Cells,Homo sapiens,Y,N,N,Cells,Homo sapiens,Y,N,N,,,0.13079490184661322,0.4709908803888151,0.69444029,-0.34019597854220185,-79.8781836232457,-1.3953047370590435
S00015475,BETA-NAD+,2.0001918,,,NAD+,,,True,ST000828,4.162418661183056,Phase II,Lung,Cells,Homo sapiens,N,Y,N,Cells,Homo sapiens,N,Y,N,,,1.0986762199577946,0.7064687374515456,1.1376662100000001,0.0,0.0,-0.10380971659149606
S00015476,BETA-NAD+,1.884432,,,NAD+,,,True,ST000828,4.162418661183056,Phase II,Lung,Cells,Homo sapiens,N,Y,N,Cells,Homo sapiens,N,Y,N,,,1.0593280001606251,0.7064687374515456,1.1376662100000001,0.0,0.0,-0.10380971659149606
S00015477,BETA-NAD+,1.7880502,,,NAD+,,,True,ST000828,4.162418661183056,Phase II,Lung,Cells,Homo sapiens,N,Y,N,Cells,Homo sapiens,N,Y,N,,,1.025342498475057,0.7064687374515456,1.1376662100000001,0.0,0.0,-0.10380971659149606
S00015478,BETA-NAD+,1.4416016,,,NAD+,,,True,ST000828,4.162418661183056,Phase II,Lung,Cells,Homo sapiens,N,Y,N,Cells,Homo sapiens,N,Y,N,,,0.8926542174157809,0.7064687374515456,1.1376662100000001,0.0,0.0,-0.10380971659149606
S00015479,BETA-NAD+,1.9292067,,,NAD+,,,True,ST000828,4.162418661183056,Phase II,Lung,Cells,Homo sapiens,N,Y,N,Cells,Homo sapiens,N,Y,N,,,1.074731635516104,0.7064687374515456,1.1376662100000001,0.0,0.0,-0.10380971659149606
S00015480,BETA-NAD+,1.3798333,,,NAD+,,,False,ST000828,4.162418661183056,Phase II,Lung,Cells,Homo sapiens,Y,N,N,Cells,Homo sapiens,Y,N,N,,,0.86703044321352,0.7064687374515456,1.1376662100000001,0.16056170576197437,21.286304178797742,1.4522302832699958
S00015481,BETA-NAD+,1.4030294,,,NAD+,,,False,ST000828,4.162418661183056,Phase II,Lung,Cells,Homo sapiens,Y,N,N,Cells,Homo sapiens,Y,N,N,,,0.8767301913861052,0.7064687374515456,1.1376662100000001,0.1702614539345596,23.325223836963563,1.546232748387681
S00015482,BETA-NAD+,1.1507029,,,NAD+,,,False,ST000828,4.162418661183056,Phase II,Lung,Cells,Homo sapiens,Y,N,N,Cells,Homo sapiens,Y,N,N,,,0.7657947189420861,0.7064687374515456,1.1376662100000001,0.05932598149054047,1.1459151977450266,0.47113185987116496
S00015483,BETA-NAD+,1.3779033,,,NAD+,,,False,ST000828,4.162418661183056,Phase II,Lung,Cells,Homo sapiens,Y,N,N,Cells,Homo sapiens,Y,N,N,,,0.8662191330178844,0.7064687374515456,1.1376662100000001,0.15975039556633885,21.116658637510195,1.4443676916843295
S00015484,BETA-NAD+,1.5333966,,,NAD+,,,False,ST000828,4.162418661183056,Phase II,Lung,Cells,Homo sapiens,Y,N,N,Cells,Homo sapiens,Y,N,N,,,0.929560931996549,0.7064687374515456,1.1376662100000001,0.2230921945450034,34.78440218418722,2.058227468561029
S00015475,NADP-REDUCED,0.4728172,,,NAD+,,,True,ST000828,4.162418661183056,Phase II,Lung,Cells,Homo sapiens,N,Y,N,Cells,Homo sapiens,N,Y,N,,,0.38717702930417147,0.7064687374515456,1.1376662100000001,0.0,0.0,-0.10380971659149606
S00015476,NADP-REDUCED,0.4615219,,,NAD+,,,True,ST000828,4.162418661183056,Phase II,Lung,Cells,Homo sapiens,N,Y,N,Cells,Homo sapiens,N,Y,N,,,0.37947829006175354,0.7064687374515456,1.1376662100000001,0.0,0.0,-0.10380971659149606
S00015477,NADP-REDUCED,0.5132325,,,NAD+,,,True,ST000828,4.162418661183056,Phase II,Lung,Cells,Homo sapiens,N,Y,N,Cells,Homo sapiens,N,Y,N,,,0.41424809120932565,0.7064687374515456,1.1376662100000001,0.0,0.0,-0.10380971659149606
S00015478,NADP-REDUCED,0.4266329,,,NAD+,,,True,ST000828,4.162418661183056,Phase II,Lung,Cells,Homo sapiens,N,Y,N,Cells,Homo sapiens,N,Y,N,,,0.3553170524211998,0.7064687374515456,1.1376662100000001,0.0,0.0,-0.10380971659149606
S00015479,NADP-REDUCED,0.4589753,,,NAD+,,,True,ST000828,4.162418661183056,Phase II,Lung,Cells,Homo sapiens,N,Y,N,Cells,Homo sapiens,N,Y,N,,,0.3777343399936434,0.7064687374515456,1.1376662100000001,0.0,0.0,-0.10380971659149606
S00015480,NADP-REDUCED,0.8275916,,,NAD+,,,False,ST000828,4.162418661183056,Phase II,Lung,Cells,Homo sapiens,Y,N,N,Cells,Homo sapiens,Y,N,N,,,0.60299903450469,0.7064687374515456,1.1376662100000001,-0.10346970294685565,-27.255323861644804,-1.1065581353070626
S00015481,NADP-REDUCED,0.8698826,,,NAD+,,,False,ST000828,4.162418661183056,Phase II,Lung,Cells,Homo sapiens,Y,N,N,Cells,Homo sapiens,Y,N,N,,,0.6258756481470384,0.7064687374515456,1.1376662100000001,-0.08059308930450715,-23.537976925587,-0.8848556707004507
S00015482,NADP-REDUCED,0.954375,,,NAD+,,,False,ST000828,4.162418661183056,Phase II,Lung,Cells,Homo sapiens,Y,N,N,Cells,Homo sapiens,Y,N,N,,,0.6700704492299686,0.7064687374515456,1.1376662100000001,-0.03639828822157698,-16.11115882575084,-0.4565538041712787
S00015483,NADP-REDUCED,0.6208281,,,NAD+,,,False,ST000828,4.162418661183056,Phase II,Lung,Cells,Homo sapiens,Y,N,N,Cells,Homo sapiens,Y,N,N,,,0.4829371914794687,0.7064687374515456,1.1376662100000001,-0.22353154597207692,-45.429679237814405,-2.2701047563257113
S00015484,NADP-REDUCED,0.8070651,,,NAD+,,,False,ST000828,4.162418661183056,Phase II,Lung,Cells,Homo sapiens,Y,N,N,Cells,Homo sapiens,Y,N,N,,,0.5917040375245151,0.7064687374515456,1.1376662100000001,-0.11476469992703053,-29.059587697519827,-1.2160205193547367
S00015475,NADH,0.7820604,,,NADH,,,True,ST000828,4.162418661183056,Phase II,Lung,Cells,Homo sapiens,N,Y,N,Cells,Homo sapiens,N,Y,N,,,0.5777702229747731,0.8179203214615047,1.30101412,0.0,0.0,0.9841973651358209
S00015476,NADH,1.5548812,,,NADH,,,True,ST000828,4.162418661183056,Phase II,Lung,Cells,Homo sapiens,N,Y,N,Cells,Homo sapiens,N,Y,N,,,0.9380057255100666,0.8179203214615047,1.30101412,0.0,0.0,0.9841973651358209
S00015477,NADH,1.6838621,,,NADH,,,True,ST000828,4.162418661183056,Phase II,Lung,Cells,Homo sapiens,N,Y,N,Cells,Homo sapiens,N,Y,N,,,0.9872568392500197,0.8179203214615047,1.30101412,0.0,0.0,0.9841973651358209
S00015478,NADH,1.6165801,,,NADH,,,True,ST000828,4.162418661183056,Phase II,Lung,Cells,Homo sapiens,N,Y,N,Cells,Homo sapiens,N,Y,N,,,0.9618681597764116,0.8179203214615047,1.30101412,0.0,0.0,0.9841973651358209
S00015479,NADH,0.8676868,,,NADH,,,True,ST000828,4.162418661183056,Phase II,Lung,Cells,Homo sapiens,N,Y,N,Cells,Homo sapiens,N,Y,N,,,0.6247006597962529,0.8179203214615047,1.30101412,0.0,0.0,0.9841973651358209
S00015480,NADH,0.3096472,,,NADH,,,False,ST000828,4.162418661183056,Phase II,Lung,Cells,Homo sapiens,Y,N,N,Cells,Homo sapiens,Y,N,N,,,0.2697577879647088,0.8179203214615047,1.30101412,-0.5481625334967959,-76.19955116244242,-1.3143255491239718
S00015481,NADH,0.3762415,,,NADH,,,False,ST000828,4.162418661183056,Phase II,Lung,Cells,Homo sapiens,Y,N,N,Cells,Homo sapiens,Y,N,N,,,0.3193562328322284,0.8179203214615047,1.30101412,-0.4985640886292763,-71.08090571684188,-1.1063522655206497
S00015482,NADH,0.5646147,,,NADH,,,False,ST000828,4.162418661183056,Phase II,Lung,Cells,Homo sapiens,Y,N,N,Cells,Homo sapiens,Y,N,N,,,0.4476395955973262,0.8179203214615047,1.30101412,-0.37028072586417854,-56.601954481477875,-0.568442009318139
S00015483,NADH,0.4539162,,,NADH,,,False,ST000828,4.162418661183056,Phase II,Lung,Cells,Homo sapiens,Y,N,N,Cells,Homo sapiens,Y,N,N,,,0.37426074333762605,0.8179203214615047,1.30101412,-0.4436595781238787,-65.11058619409911,-0.8761298993771021
S00015484,NADH,0.3929547,,,NADH,,,False,ST000828,4.162418661183056,Phase II,Lung,Cells,Homo sapiens,Y,N,N,Cells,Homo sapiens,Y,N,N,,,0.3314271745273254,0.8179203214615047,1.30101412,-0.48649314693417933,-69.79627707653165,-1.0557371023392417
S00015475,ADENOSINE TRIPHOSPHATE,24.264502,,,ATP,,,True,ST000828,4.162418661183056,Phase II,Lung,Cells,Homo sapiens,N,Y,N,Cells,Homo sapiens,N,Y,N,,,3.2294003274868714,3.107620704079416,21.4337798,0.0,0.0,0.9807062625293262
S00015476,ADENOSINE TRIPHOSPHATE,22.058601,,,ATP,,,True,ST000828,4.162418661183056,Phase II,Lung,Cells,Homo sapiens,N,Y,N,Cells,Homo sapiens,N,Y,N,,,3.138038845177476,3.107620704079416,21.4337798,0.0,0.0,0.9807062625293262
S00015477,ADENOSINE TRIPHOSPHATE,19.217528,,,ATP,,,True,ST000828,4.162418661183056,Phase II,Lung,Cells,Homo sapiens,N,Y,N,Cells,Homo sapiens,N,Y,N,,,3.0065499509256717,3.107620704079416,21.4337798,0.0,0.0,0.9807062625293262
S00015478,ADENOSINE TRIPHOSPHATE,20.123856,,,ATP,,,True,ST000828,4.162418661183056,Phase II,Lung,Cells,Homo sapiens,N,Y,N,Cells,Homo sapiens,N,Y,N,,,3.0504030179307113,3.107620704079416,21.4337798,0.0,0.0,0.9807062625293262
S00015479,ADENOSINE TRIPHOSPHATE,21.504412,,,ATP,,,True,ST000828,4.162418661183056,Phase II,Lung,Cells,Homo sapiens,N,Y,N,Cells,Homo sapiens,N,Y,N,,,3.11371137887635,3.107620704079416,21.4337798,0.0,0.0,0.9807062625293262
S00015480,ADENOSINE TRIPHOSPHATE,11.199269,,,ATP,,,False,ST000828,4.162418661183056,Phase II,Lung,Cells,Homo sapiens,Y,N,N,Cells,Homo sapiens,Y,N,N,,,2.501376031911267,3.107620704079416,21.4337798,-0.6062446721681489,-47.74944454734018,-0.9473258625245056
S00015481,ADENOSINE TRIPHOSPHATE,12.616523,,,ATP,,,False,ST000828,4.162418661183056,Phase II,Lung,Cells,Homo sapiens,Y,N,N,Cells,Homo sapiens,Y,N,N,,,2.6112839817866487,3.107620704079416,21.4337798,-0.49633672229276726,-41.13719970193964,-0.597787024680884
S00015482,ADENOSINE TRIPHOSPHATE,11.129699,,,ATP,,,False,ST000828,4.162418661183056,Phase II,Lung,Cells,Homo sapiens,Y,N,N,Cells,Homo sapiens,Y,N,N,,,2.495656908138593,3.107620704079416,21.4337798,-0.6119637959408228,-48.07402565552157,-0.9655143182208487
S00015483,ADENOSINE TRIPHOSPHATE,9.3763254,,,ATP,,,False,ST000828,4.162418661183056,Phase II,Lung,Cells,Homo sapiens,Y,N,N,Cells,Homo sapiens,Y,N,N,,,2.339526807355093,3.107620704079416,21.4337798,-0.7680938967243227,-56.25444747734135,-1.4620528674536373
S00015484,ADENOSINE TRIPHOSPHATE,11.262628,,,ATP,,,False,ST000828,4.162418661183056,Phase II,Lung,Cells,Homo sapiens,Y,N,N,Cells,Homo sapiens,Y,N,N,,,2.506556263165239,3.107620704079416,21.4337798,-0.6010644409141768,-47.45384106260157,-0.9308512397667553
S00015475,PYRUVIC ACID,1.2239584,,,Pyruvate,,,True,ST000828,4.162418661183056,Phase II,Lung,Cells,Homo sapiens,N,Y,N,Cells,Homo sapiens,N,Y,N,,,0.7992886711774233,0.4709908803888151,0.69444029,0.0,0.0,0.08188098517590613
S00015476,PYRUVIC ACID,1.2458525,,,Pyruvate,,,True,ST000828,4.162418661183056,Phase II,Lung,Cells,Homo sapiens,N,Y,N,Cells,Homo sapiens,N,Y,N,,,0.8090851818534088,0.4709908803888151,0.69444029,0.0,0.0,0.08188098517590613
S00015477,PYRUVIC ACID,1.2510062,,,Pyruvate,,,True,ST000828,4.162418661183056,Phase II,Lung,Cells,Homo sapiens,N,Y,N,Cells,Homo sapiens,N,Y,N,,,0.8113773162522103,0.4709908803888151,0.69444029,0.0,0.0,0.08188098517590613
S00015478,PYRUVIC ACID,1.2534862,,,Pyruvate,,,True,ST000828,4.162418661183056,Phase II,Lung,Cells,Homo sapiens,N,Y,N,Cells,Homo sapiens,N,Y,N,,,0.8124784393224046,0.4709908803888151,0.69444029,0.0,0.0,0.08188098517590613
S00015479,PYRUVIC ACID,1.2427141,,,Pyruvate,,,True,ST000828,4.162418661183056,Phase II,Lung,Cells,Homo sapiens,N,Y,N,Cells,Homo sapiens,N,Y,N,,,0.8076867841950416,0.4709908803888151,0.69444029,0.0,0.0,0.08188098517590613
S00015480,PYRUVIC ACID,1.2304312,,,Pyruvate,,,False,ST000828,4.162418661183056,Phase II,Lung,Cells,Homo sapiens,Y,N,N,Cells,Homo sapiens,Y,N,N,,,0.8021949300084674,0.4709908803888151,0.69444029,0.33120404961965233,77.18315278049319,1.5200223040153171
S00015481,PYRUVIC ACID,1.2203002,,,Pyruvate,,,False,ST000828,4.162418661183056,Phase II,Lung,Cells,Homo sapiens,Y,N,N,Cells,Homo sapiens,Y,N,N,,,0.7976424119673067,0.4709908803888151,0.69444029,0.3266515315784916,75.724280052933,1.5002545375665863
S00015483,PYRUVIC ACID,1.2220662,,,Pyruvate,,,False,ST000828,4.162418661183056,Phase II,Lung,Cells,Homo sapiens,Y,N,N,Cells,Homo sapiens,Y,N,N,,,0.7984374837529342,0.4709908803888151,0.69444029,0.3274466033641191,75.97858557429035,1.5037068672940384
S00015484,PYRUVIC ACID,1.2503706,,,Pyruvate,,,False,ST000828,4.162418661183056,Phase II,Lung,Cells,Homo sapiens,Y,N,N,Cells,Homo sapiens,Y,N,N,,,0.8110949137640542,0.4709908803888151,0.69444029,0.3401040333752391,80.05444355770317,1.5586674666895282
S00015475,LACTIC ACID,,,,Lactate,,,True,ST000828,4.162418661183056,Phase II,Lung,Cells,Homo sapiens,N,Y,N,Cells,Homo sapiens,N,Y,N,,,,0.6181345587875356,0.8832027499999999,0.0,0.0,-0.16261565485787066
S00015476,LACTIC ACID,0.3731999,,,Lactate,,,True,ST000828,4.162418661183056,Phase II,Lung,Cells,Homo sapiens,N,Y,N,Cells,Homo sapiens,N,Y,N,,,0.31714370977879314,0.6181345587875356,0.8832027499999999,0.0,0.0,-0.16261565485787066
S00015477,LACTIC ACID,1.055963,,,Lactate,,,True,ST000828,4.162418661183056,Phase II,Lung,Cells,Homo sapiens,N,Y,N,Cells,Homo sapiens,N,Y,N,,,0.7207443513220373,0.6181345587875356,0.8832027499999999,0.0,0.0,-0.16261565485787066
S00015478,LACTIC ACID,1.1604786,,,Lactate,,,True,ST000828,4.162418661183056,Phase II,Lung,Cells,Homo sapiens,N,Y,N,Cells,Homo sapiens,N,Y,N,,,0.770329771226238,0.6181345587875356,0.8832027499999999,0.0,0.0,-0.16261565485787066
S00015479,LACTIC ACID,0.9431695,,,Lactate,,,True,ST000828,4.162418661183056,Phase II,Lung,Cells,Homo sapiens,N,Y,N,Cells,Homo sapiens,N,Y,N,,,0.6643204028230741,0.6181345587875356,0.8832027499999999,0.0,0.0,-0.16261565485787066
S00015480,LACTIC ACID,1.5286465,,,Lactate,,,False,ST000828,4.162418661183056,Phase II,Lung,Cells,Homo sapiens,Y,N,N,Cells,Homo sapiens,Y,N,N,,,0.9276841793492894,0.6181345587875356,0.8832027499999999,0.3095496205617537,73.07990719005349,0.5714872077138047
S00015481,LACTIC ACID,0.3026353,,,Lactate,,,False,ST000828,4.162418661183056,Phase II,Lung,Cells,Homo sapiens,Y,N,N,Cells,Homo sapiens,Y,N,N,,,0.26438936640983546,0.6181345587875356,0.8832027499999999,-0.3537451923777002,-65.73433450020396,-1.0015291636975032
S00015483,LACTIC ACID,0.1891682,,,Lactate,,,False,ST000828,4.162418661183056,Phase II,Lung,Cells,Homo sapiens,Y,N,N,Cells,Homo sapiens,Y,N,N,,,0.17325407111827365,0.6181345587875356,0.8832027499999999,-0.444880487669262,-78.58156578430038,-1.2176582645293477
S00015484,LACTIC ACID,4.6088339,,,Lactate,,,False,ST000828,4.162418661183056,Phase II,Lung,Cells,Homo sapiens,Y,N,N,Cells,Homo sapiens,Y,N,N,,,1.7243428369659541,0.6181345587875356,0.8832027499999999,1.1062082781784186,421.8319236438066,2.4607784948024
4T1-1_R7+,NADPH,32600.0,,Tumor,NAD+,,Tumor,False,ST002058,1.9552397727644706,Transition,Skeletal_muscle_TA,,,,,,,,,,,Tibialis_anterior,Tibialis_anterior,10.392098241730961,8.730307006286331,22898.88888888889,1.66179123544463,42.364986171090294,1.0914129002164477
4T1-15_R11+,NADPH,44500.0,,Tumor,NAD+,,Tumor,False,ST002058,1.9552397727644706,Transition,Skeletal_muscle_TA,,,,,,,,,,,Tibialis_anterior,Tibialis_anterior,10.703266939811954,8.730307006286331,22898.88888888889,1.9729599335256225,94.33257314765392,1.4327068572369555
CTL-1_R23+,NADPH,57500.0,,Control,NAD+,,Control,True,ST002058,1.9552397727644706,Transition,Skeletal_muscle_TA,,,,,,,,,,,Tibialis_anterior,Tibialis_anterior,10.959557617938563,8.730307006286331,22898.88888888889,0.0,0.0,-0.73126177748932
CTL-5_R2+,NADPH,22200.0,,Control,NAD+,,Control,True,ST002058,1.9552397727644706,Transition,Skeletal_muscle_TA,,,,,,,,,,,Tibialis_anterior,Tibialis_anterior,10.007892611890918,8.730307006286331,22898.88888888889,0.0,0.0,-0.73126177748932
CTL-9_R1+,NADPH,44600.0,,Control,NAD+,,Control,True,ST002058,1.9552397727644706,Transition,Skeletal_muscle_TA,,,,,,,,,,,Tibialis_anterior,Tibialis_anterior,10.70551155928146,8.730307006286331,22898.88888888889,0.0,0.0,-0.73126177748932
4T1-1_R7+,NADH,18400.0,,Tumor,NADH,,Tumor,False,ST002058,1.9552397727644706,Transition,Skeletal_muscle_TA,,,,,,,,,,,Tibialis_anterior,Tibialis_anterior,9.820160289946374,7.8309367719544865,2856.6666666666665,1.9892235179918876,544.1073512252043,1.466838349239958
4T1-15_R11+,NADH,11700.0,,Tumor,NADH,,Tumor,False,ST002058,1.9552397727644706,Transition,Skeletal_muscle_TA,,,,,,,,,,,Tibialis_anterior,Tibialis_anterior,9.367429587218957,7.8309367719544865,2856.6666666666665,1.536492815264471,309.5682613768962,0.9496722640629538
CTL-1_R23+,NADH,1380.0,,Control,NADH,,Control,True,ST002058,1.9552397727644706,Transition,Skeletal_muscle_TA,,,,,,,,,,,Tibialis_anterior,Tibialis_anterior,7.2305631534092925,7.8309367719544865,2856.6666666666665,0.0,0.0,-0.8055035377676373
CTL-5_R2+,NADH,4770.0,,Control,NADH,,Control,True,ST002058,1.9552397727644706,Transition,Skeletal_muscle_TA,,,,,,,,,,,Tibialis_anterior,Tibialis_anterior,8.470311205516108,7.8309367719544865,2856.6666666666665,0.0,0.0,-0.8055035377676373
CTL-9_R1+,NADH,2420.0,,Control,NADH,,Control,True,ST002058,1.9552397727644706,Transition,Skeletal_muscle_TA,,,,,,,,,,,Tibialis_anterior,Tibialis_anterior,7.791935956938058,7.8309367719544865,2856.6666666666665,0.0,0.0,-0.8055035377676373
4T1-1_R7-,ATP,1190000.0,,Tumor,ATP,,Tumor,False,ST002058,1.9552397727644706,Transition,Skeletal_muscle_TA,,,,,,,,,,,Tibialis_anterior,Tibialis_anterior,13.989464705423494,12.133610051833756,192666.66666666666,1.8558546535897378,517.6470588235294,0.5953150943449461
4T1-15_R11-,ATP,5370000.0,,Tumor,ATP,,Tumor,False,ST002058,1.9552397727644706,Transition,Skeletal_muscle_TA,,,,,,,,,,,Tibialis_anterior,Tibialis_anterior,15.49633865270477,12.133610051833756,192666.66666666666,3.362728600871014,2687.19723183391,1.6998869812804362
CTL-1_R23-,ATP,267000.0,,Control,ATP,,Control,True,ST002058,1.9552397727644706,Transition,Skeletal_muscle_TA,,,,,,,,,,,Tibialis_anterior,Tibialis_anterior,12.495007682693725,12.133610051833756,192666.66666666666,0.0,0.0,-0.765067358541794
CTL-5_R2-,ATP,164000.0,,Control,ATP,,Control,True,ST002058,1.9552397727644706,Transition,Skeletal_muscle_TA,,,,,,,,,,,Tibialis_anterior,Tibialis_anterior,12.00762780434872,12.133610051833756,192666.66666666666,0.0,0.0,-0.765067358541794
CTL-9_R1-,ATP,147000.0,,Control,ATP,,Control,True,ST002058,1.9552397727644706,Transition,Skeletal_muscle_TA,,,,,,,,,,,Tibialis_anterior,Tibialis_anterior,11.898194668458823,12.133610051833756,192666.66666666666,0.0,0.0,-0.765067358541794
4T1-1_R7-,NADP+,25200.0,,Tumor,NAD+,,Tumor,False,ST002058,1.9552397727644706,Transition,Skeletal_muscle_TA,,,,,,,,,,,Tibialis_anterior,Tibialis_anterior,10.134638955251866,8.730307006286331,22898.88888888889,1.4043319489655346,10.04900771507593,0.8090281385227891
4T1-15_R11-,NADP+,9380.0,,Tumor,NAD+,,Tumor,False,ST002058,1.9552397727644706,Transition,Skeletal_muscle_TA,,,,,,,,,,,Tibialis_anterior,Tibialis_anterior,9.14644164612595,8.730307006286331,22898.88888888889,0.41613463983961907,-59.037313794943955,-0.2748397827319915
CTL-1_R23-,NADP+,2610.0,,Control,NAD+,,Control,True,ST002058,1.9552397727644706,Transition,Skeletal_muscle_TA,,,,,,,,,,,Tibialis_anterior,Tibialis_anterior,7.8674885686991285,8.730307006286331,22898.88888888889,0.0,0.0,-0.73126177748932
CTL-5_R2-,NADP+,0.0,,Control,NAD+,,Control,True,ST002058,1.9552397727644706,Transition,Skeletal_muscle_TA,,,,,,,,,,,Tibialis_anterior,Tibialis_anterior,0.0,8.730307006286331,22898.88888888889,0.0,0.0,-0.73126177748932
CTL-9_R1-,NADP+,6780.0,,Control,NAD+,,Control,True,ST002058,1.9552397727644706,Transition,Skeletal_muscle_TA,,,,,,,,,,,Tibialis_anterior,Tibialis_anterior,8.821879862683842,8.730307006286331,22898.88888888889,0.0,0.0,-0.73126177748932
4T1-1_R7-,NAD+,56800.0,,Tumor,NAD+,,Tumor,False,ST002058,1.9552397727644706,Transition,Skeletal_muscle_TA,,,,,,,,,,,Tibialis_anterior,Tibialis_anterior,10.947309210188068,8.730307006286331,22898.88888888889,2.217002203901737,148.0469697704886,1.7003756576355538
4T1-15_R11-,NAD+,63500.0,,Tumor,NAD+,,Tumor,False,ST002058,1.9552397727644706,Transition,Skeletal_muscle_TA,,,,,,,,,,,Tibialis_anterior,Tibialis_anterior,11.05881093278828,8.730307006286331,22898.88888888889,2.3285039265019485,177.30603134552862,1.8226722265241249
CTL-1_R23-,NAD+,25200.0,,Control,NAD+,,Control,True,ST002058,1.9552397727644706,Transition,Skeletal_muscle_TA,,,,,,,,,,,Tibialis_anterior,Tibialis_anterior,10.134638955251866,8.730307006286331,22898.88888888889,0.0,0.0,-0.73126177748932
CTL-5_R2-,NAD+,17800.0,,Control,NAD+,,Control,True,ST002058,1.9552397727644706,Transition,Skeletal_muscle_TA,,,,,,,,,,,Tibialis_anterior,Tibialis_anterior,9.787009914477434,8.730307006286331,22898.88888888889,0.0,0.0,-0.73126177748932
CTL-9_R1-,NAD+,29400.0,,Control,NAD+,,Control,True,ST002058,1.9552397727644706,Transition,Skeletal_muscle_TA,,,,,,,,,,,Tibialis_anterior,Tibialis_anterior,10.288783966353765,8.730307006286331,22898.88888888889,0.0,0.0,-0.73126177748932
4T1-1_R7-,Phosphoenolpyruvate,1180000.0,,Tumor,Pyruvate,,Tumor,False,ST002058,1.9552397727644706,Transition,Skeletal_muscle_TA,,,,,,,,,,,Tibialis_anterior,Tibialis_anterior,13.981025843899115,12.56549848995906,6116933.333333333,1.415527353940055,-80.70928787845762,0.8423738337456327
4T1-15_R11-,Phosphoenolpyruvate,352000.0,,Tumor,Pyruvate,,Tumor,False,ST002058,1.9552397727644706,Transition,Skeletal_muscle_TA,,,,,,,,,,,Tibialis_anterior,Tibialis_anterior,12.77138929548529,12.56549848995906,6116933.333333333,0.20589080552623074,-94.24548248577719,0.0833523066626434
CTL-1_R23-,Phosphoenolpyruvate,106000.0,,Control,Pyruvate,,Control,True,ST002058,1.9552397727644706,Transition,Skeletal_muscle_TA,,,,,,,,,,,Tibialis_anterior,Tibialis_anterior,11.571203807011969,12.56549848995906,6116933.333333333,0.0,0.0,-0.04583984930171455
CTL-5_R2-,Phosphoenolpyruvate,435000.0,,Control,Pyruvate,,Control,True,ST002058,1.9552397727644706,Transition,Skeletal_muscle_TA,,,,,,,,,,,Tibialis_anterior,Tibialis_anterior,12.983103608918753,12.56549848995906,6116933.333333333,0.0,0.0,-0.04583984930171455
CTL-9_R1-,Phosphoenolpyruvate,216000.0,,Control,Pyruvate,,Control,True,ST002058,1.9552397727644706,Transition,Skeletal_muscle_TA,,,,,,,,,,,Tibialis_anterior,Tibialis_anterior,12.283038316285214,12.56549848995906,6116933.333333333,0.0,0.0,-0.04583984930171455
4T1-1_R7-,Pyruvate,18500000.0,,Tumor,Pyruvate,,Tumor,False,ST002058,1.9552397727644706,Transition,Skeletal_muscle_TA,,,,,,,,,,,Tibialis_anterior,Tibialis_anterior,16.733281344102608,12.56549848995906,6116933.333333333,4.167782854143548,202.43913071909674,2.5693563521114253
4T1-15_R11-,Pyruvate,11500000.0,,Tumor,Pyruvate,,Tumor,False,ST002058,1.9552397727644706,Transition,Skeletal_muscle_TA,,,,,,,,,,,Tibialis_anterior,Tibialis_anterior,16.257857680289998,12.56549848995906,6116933.333333333,3.6923591903309383,88.00270287943852,2.271037988805008
CTL-1_R23-,Pyruvate,24200000.0,,Control,Pyruvate,,Control,True,ST002058,1.9552397727644706,Transition,Skeletal_muscle_TA,,,,,,,,,,,Tibialis_anterior,Tibialis_anterior,17.001863232449228,12.56549848995906,6116933.333333333,0.0,0.0,-0.04583984930171455
CTL-5_R2-,Pyruvate,30900000.0,,Control,Pyruvate,,Control,True,ST002058,1.9552397727644706,Transition,Skeletal_muscle_TA,,,,,,,,,,,Tibialis_anterior,Tibialis_anterior,17.24626677423043,12.56549848995906,6116933.333333333,0.0,0.0,-0.04583984930171455
CTL-9_R1-,Pyruvate,17300000.0,,Control,Pyruvate,,Control,True,ST002058,1.9552397727644706,Transition,Skeletal_muscle_TA,,,,,,,,,,,Tibialis_anterior,Tibialis_anterior,16.666217117271472,12.56549848995906,6116933.333333333,0.0,0.0,-0.04583984930171455
4T1-1_R7-,Lactate,1090000000.0,,Tumor,Lactate,,Tumor,False,ST002058,1.9552397727644706,Transition,Skeletal_muscle_TA,,,,,,,,,,,Tibialis_anterior,Tibialis_anterior,20.809443534104894,20.61853546805435,901333333.3333334,0.1909080660505431,20.93195266272189,0.9712451615086968
4T1-15_R11-,Lactate,464000000.0,,Tumor,Lactate,,Tumor,False,ST002058,1.9552397727644706,Transition,Skeletal_muscle_TA,,,,,,,,,,,Tibialis_anterior,Tibialis_anterior,19.955395112345702,20.61853546805435,901333333.3333334,-0.6631403557086486,-48.5207100591716,-1.9356314695399148
CTL-1_R23-,Lactate,856000000.0,,Control,Lactate,,Control,True,ST002058,1.9552397727644706,Transition,Skeletal_muscle_TA,,,,,,,,,,,Tibialis_anterior,Tibialis_anterior,20.56778093527424,20.61853546805435,901333333.3333334,0.0,0.0,0.3214621026770727
CTL-5_R2-,Lactate,947000000.0,,Control,Lactate,,Control,True,ST002058,1.9552397727644706,Transition,Skeletal_muscle_TA,,,,,,,,,,,Tibialis_anterior,Tibialis_anterior,20.668809652206317,20.61853546805435,901333333.3333334,0.0,0.0,0.3214621026770727
CTL-9_R1-,Lactate,901000000.0,,Control,Lactate,,Control,True,ST002058,1.9552397727644706,Transition,Skeletal_muscle_TA,,,,,,,,,,,Tibialis_anterior,Tibialis_anterior,20.61901581668249,20.61853546805435,901333333.3333334,0.0,0.0,0.3214621026770727
4T1-1_R7-,3-Phosphonooxypyruvate,86800.0,,Tumor,Pyruvate,,Tumor,False,ST002058,1.9552397727644706,Transition,Skeletal_muscle_TA,,,,,,,,,,,Tibialis_anterior,Tibialis_anterior,11.371373421319406,12.56549848995906,6116933.333333333,-1.1941250686396536,-98.58098829478824,-0.7951282486274892
4T1-15_R11-,3-Phosphonooxypyruvate,13800.0,,Tumor,Pyruvate,,Tumor,False,ST002058,1.9552397727644706,Transition,Skeletal_muscle_TA,,,,,,,,,,,Tibialis_anterior,Tibialis_anterior,9.53249633228804,12.56549848995906,6116933.333333333,-3.033002157671019,-99.77439675654468,-1.9489849984625771
CTL-1_R23-,3-Phosphonooxypyruvate,28300.0,,Control,Pyruvate,,Control,True,ST002058,1.9552397727644706,Transition,Skeletal_muscle_TA,,,,,,,,,,,Tibialis_anterior,Tibialis_anterior,10.250652418696085,12.56549848995906,6116933.333333333,0.0,0.0,-0.04583984930171455
CTL-5_R2-,3-Phosphonooxypyruvate,58500.0,,Control,Pyruvate,,Control,True,ST002058,1.9552397727644706,Transition,Skeletal_muscle_TA,,,,,,,,,,,Tibialis_anterior,Tibialis_anterior,10.97679912709094,12.56549848995906,6116933.333333333,0.0,0.0,-0.04583984930171455
CTL-9_R1-,3-Phosphonooxypyruvate,69600.0,,Control,Pyruvate,,Control,True,ST002058,1.9552397727644706,Transition,Skeletal_muscle_TA,,,,,,,,,,,Tibialis_anterior,Tibialis_anterior,11.150534214035387,12.56549848995906,6116933.333333333,0.0,0.0,-0.04583984930171455
4T1-1_R7-,3-Fumarylpyruvate,37800.0,,Tumor,Pyruvate,,Tumor,False,ST002058,1.9552397727644706,Transition,Skeletal_muscle_TA,,,,,,,,,,,Tibialis_anterior,Tibialis_anterior,10.540090836284206,12.56549848995906,6116933.333333333,-2.025407653674854,-99.38204328966584,-1.3167406105871884
4T1-15_R11-,3-Fumarylpyruvate,48900.0,,Tumor,Pyruvate,,Tumor,False,ST002058,1.9552397727644706,Transition,Skeletal_muscle_TA,,,,,,,,,,,Tibialis_anterior,Tibialis_anterior,10.797553125151618,12.56549848995906,6116933.333333333,-1.7679453648074421,-99.20057981123439,-1.1551884320268804
CTL-1_R23-,3-Fumarylpyruvate,48100.0,,Control,Pyruvate,,Control,True,ST002058,1.9552397727644706,Transition,Skeletal_muscle_TA,,,,,,,,,,,Tibialis_anterior,Tibialis_anterior,10.781058245898533,12.56549848995906,6116933.333333333,0.0,0.0,-0.04583984930171455
CTL-5_R2-,3-Fumarylpyruvate,23400.0,,Control,Pyruvate,,Control,True,ST002058,1.9552397727644706,Transition,Skeletal_muscle_TA,,,,,,,,,,,Tibialis_anterior,Tibialis_anterior,10.060534035475412,12.56549848995906,6116933.333333333,0.0,0.0,-0.04583984930171455
CTL-9_R1-,3-Fumarylpyruvate,18300.0,,Control,Pyruvate,,Control,True,ST002058,1.9552397727644706,Transition,Skeletal_muscle_TA,,,,,,,,,,,Tibialis_anterior,Tibialis_anterior,9.814710982145282,12.56549848995906,6116933.333333333,0.0,0.0,-0.04583984930171455
S00015475,Lactate/Pyruvate,,,,Lactate/Pyruvate,,,True,ST000828,4.162418661183056,Phase II,Lung,,,,,,,,,,,,,,0.8205810824471539,1.2718195685333868,,,
S00015476,Lactate/Pyruvate,2.931405716242678,,,Lactate/Pyruvate,,,True,ST000828,4.162418661183056,Phase II,Lung,,,,,,,,,,,,,1.368997050537217,0.8205810824471539,1.2718195685333868,0.5484159680900632,130.48911880032335,-0.7910034846656664
S00015477,Lactate/Pyruvate,4.020770903220156,,,Lactate/Pyruvate,,,True,ST000828,4.162418661183056,Phase II,Lung,,,,,,,,,,,,,1.6135834882920457,0.8205810824471539,1.2718195685333868,0.7930024058448918,216.143185928233,-0.4984032230055119
S00015478,Lactate/Pyruvate,6.501619412103824,,,Lactate/Pyruvate,,,True,ST000828,4.162418661183056,Phase II,Lung,,,,,,,,,,,,,2.0151189188483913,0.8205810824471539,1.2718195685333868,1.1945378364012376,411.20611547133524,-0.01804391475809403
S00015479,Lactate/Pyruvate,14.925764392545105,,,Lactate/Pyruvate,,,True,ST000828,4.162418661183056,Phase II,Lung,,,,,,,,,,,,,2.767938199838161,0.8205810824471539,1.2718195685333868,1.9473571173910074,1073.5756204598204,0.8825584269842474
S00015480,Lactate/Pyruvate,13.647849587166448,,,Lactate/Pyruvate,,,False,ST000828,4.162418661183056,Phase II,Lung,,,,,,,,,,,,,2.6842935388300324,0.8205810824471539,1.2718195685333868,1.8637124563828786,973.0963671918195,0.7824938039327175
S00015481,Lactate/Pyruvate,3.1181256748625548,,,Lactate/Pyruvate,,,False,ST000828,4.162418661183056,Phase II,Lung,,,,,,,,,,,,,1.4153981265621043,0.8205810824471539,1.2718195685333868,0.5948170441149504,145.1704433560695,-0.7354935916772246
S00015483,Lactate/Pyruvate,1.3406495589357763,,,Lactate/Pyruvate,,,False,ST000828,4.162418661183056,Phase II,Lung,,,,,,,,,,,,,0.8504284801376252,0.8205810824471539,1.2718195685333868,0.02984739769047129,5.411930442441733,-1.4113702588027877
S00015484,Lactate/Pyruvate,32.982909671232484,,,Lactate/Pyruvate,,,False,ST000828,4.162418661183056,Phase II,Lung,,,,,,,,,,,,,3.5258577415134615,0.8205810824471539,1.2718195685333868,2.7052766590663078,2493.363908472261,1.7892622419923188
JW25-NP,Lactate/Pyruvate,854.9166030266889,,,Lactate/Pyruvate,,,False,ST001329,1.6346478411541698,Phase I,Heart_Native_Tissue,,,,,,,,,,,,,6.752172945024794,9.219705636525843,10093.092558625527,-2.4675326915010487,-91.52968628732052,3.016790953569745
JW25-R,Lactate/Pyruvate,69.99053801851392,,,Lactate/Pyruvate,,,False,ST001329,1.6346478411541698,Phase I,Heart_Native_Tissue,,,,,,,,,,,,,4.2625466008155595,9.219705636525843,10093.092558625527,-4.9571590357102835,-99.30655012215557,0.7504707899616541
JW37-LB,Lactate/Pyruvate,17.480206823103064,,,Lactate/Pyruvate,,,False,ST001329,1.6346478411541698,Phase I,Heart_Native_Tissue,,,,,,,,,,,,,2.9167002578772676,9.219705636525843,10093.092558625527,-6.303005378648575,-99.82681019993059,-0.4746603270887847
JW41-RF,Lactate/Pyruvate,47.17040754163238,,,Lactate/Pyruvate,,,False,ST001329,1.6346478411541698,Phase I,Heart_Native_Tissue,,,,,,,,,,,,,3.8747448810927914,9.219705636525843,10093.092558625527,-5.344960755433052,-99.53264663662159,0.39745281241098795
JW42-LF,Lactate/Pyruvate,38.529828509738266,,,Lactate/Pyruvate,,,False,ST001329,1.6346478411541698,Phase I,Heart_Native_Tissue,,,,,,,,,,,,,3.677055539068429,9.219705636525843,10093.092558625527,-5.542650097457414,-99.61825547238432,0.21749514808022566
JW42-NP,Lactate/Pyruvate,52.54056609184626,,,Lactate/Pyruvate,,,False,ST001329,1.6346478411541698,Phase I,Heart_Native_Tissue,,,,,,,,,,,,,3.9804396112870806,9.219705636525843,10093.092558625527,-5.239266025238763,-99.47944036194393,0.49366729005081084
JW43-RB,Lactate/Pyruvate,26.94889922350195,,,Lactate/Pyruvate,,,False,ST001329,1.6346478411541698,Phase I,Heart_Native_Tissue,,,,,,,,,,,,,3.330377815051019,9.219705636525843,10093.092558625527,-5.889327821474824,-99.73299661063277,-0.09808743644772253
JW48-NP,Lactate/Pyruvate,75.96172692573711,,,Lactate/Pyruvate,,,False,ST001329,1.6346478411541698,Phase I,Heart_Native_Tissue,,,,,,,,,,,,,4.34330824536943,9.219705636525843,10093.092558625527,-4.876397391156413,-99.2473889792993,0.8239885465215132
JW49-LB,Lactate/Pyruvate,6.505701551878037,,,Lactate/Pyruvate,,,False,ST001329,1.6346478411541698,Phase I,Heart_Native_Tissue,,,,,,,,,,,,,2.0156629386484193,9.219705636525843,10093.092558625527,-7.204042697877424,-99.93554303089871,-1.2948794131702825
JW49-RF,Lactate/Pyruvate,22.85034643884872,,,Lactate/Pyruvate,,,False,ST001329,1.6346478411541698,Phase I,Heart_Native_Tissue,,,,,,,,,,,,,3.1717987429667445,9.219705636525843,10093.092558625527,-6.047906893559098,-99.77360411285122,-0.242442813079553
JWY1-LB,Lactate/Pyruvate,25.765952636533033,,,Lactate/Pyruvate,,,True,ST001329,1.6346478411541698,Phase I,Heart_Native_Tissue,,,,,,,,,,,,,3.2871306558341367,9.219705636525843,10093.092558625527,-5.932574980691706,-99.7447169686905,-0.13745555655938568
JWY1-LF,Lactate/Pyruvate,13.359212597306172,,,Lactate/Pyruvate,,,True,ST001329,1.6346478411541698,Phase I,Heart_Native_Tissue,,,,,,,,,,,,,2.664391729060018,9.219705636525843,10093.092558625527,-6.555313907465825,-99.86764004669818,-0.7043381289962221
JWY1-RB,Lactate/Pyruvate,14.387625019926396,,,Lactate/Pyruvate,,,True,ST001329,1.6346478411541698,Phase I,Heart_Native_Tissue,,,,,,,,,,,,,2.7335636162493873,9.219705636525843,10093.092558625527,-6.486142020276455,-99.85745077699075,-0.6413705904912077
JWY1-RF,Lactate/Pyruvate,11.807422899137872,,,Lactate/Pyruvate,,,True,ST001329,1.6346478411541698,Phase I,Heart_Native_Tissue,,,,,,,,,,,,,2.550024916835577,9.219705636525843,10093.092558625527,-6.669680719690266,-99.88301481601845,-0.8084468492444232
JWY2-LB,Lactate/Pyruvate,19.078197294820818,,,Lactate/Pyruvate,,,True,ST001329,1.6346478411541698,Phase I,Heart_Native_Tissue,,,,,,,,,,,,,2.9996345146390664,9.219705636525843,10093.092558625527,-6.220071121886777,-99.81097768415374,-0.39916483002743214
JWY2-LF,Lactate/Pyruvate,17.192984182005926,,,Lactate/Pyruvate,,,True,ST001329,1.6346478411541698,Phase I,Heart_Native_Tissue,,,,,,,,,,,,,2.901036035259329,9.219705636525843,10093.092558625527,-6.318669601266514,-99.82965593466878,-0.48891955263435766
JWY2-RB,Lactate/Pyruvate,16.32086022750739,,,Lactate/Pyruvate,,,True,ST001329,1.6346478411541698,Phase I,Heart_Native_Tissue,,,,,,,,,,,,,2.851911568616146,9.219705636525843,10093.092558625527,-6.367794067909697,-99.83829673479453,-0.5336378170995828
JWY2-RF,Lactate/Pyruvate,6.508210752354249,,,Lactate/Pyruvate,,,True,ST001329,1.6346478411541698,Phase I,Heart_Native_Tissue,,,,,,,,,,,,,2.0159971887024666,9.219705636525843,10093.092558625527,-7.203708447823376,-99.93551817032737,-1.2945751435601314
JWY4-LB,Lactate/Pyruvate,33.433688650557116,,,Lactate/Pyruvate,,,True,ST001329,1.6346478411541698,Phase I,Heart_Native_Tissue,,,,,,,,,,,,,3.539035406394285,9.219705636525843,10093.092558625527,-5.6806702301315575,-99.66874683397226,0.09185468384316046
JWY4-LF,Lactate/Pyruvate,99.02822514579248,,,Lactate/Pyruvate,,,True,ST001329,1.6346478411541698,Phase I,Heart_Native_Tissue,,,,,,,,,,,,,4.605452397620567,9.219705636525843,10093.092558625527,-4.614253238905276,-99.01885151086658,1.062619768994138
JWY4-RB,Lactate/Pyruvate,6.42673905977295,,,Lactate/Pyruvate,,,True,ST001329,1.6346478411541698,Phase I,Heart_Native_Tissue,,,,,,,,,,,,,2.0050868740687275,9.219705636525843,10093.092558625527,-7.214618762457116,-99.93632537279883,-1.3045068612667923
JWY4-RF,Lactate/Pyruvate,173.3018644739045,,,Lactate/Pyruvate,,,True,ST001329,1.6346478411541698,Phase I,Heart_Native_Tissue,,,,,,,,,,,,,5.160788649393058,9.219705636525843,10093.092558625527,-4.058916987132785,-98.28296566718988,1.5681453262336467
4T1-15_R11-,Lactate/Pyruvate,1318.1818181818182,,,Lactate/Pyruvate,,,False,ST002058,1.9552397727644706,Transition,Skeletal_muscle_TA,,,,,,,,,,,,,7.184766988692722,4.999577880453719,147.35052422782658,2.185189108239003,794.5891608391609,-0.7959088733585842
4T1-1_R7-,Lactate/Pyruvate,923.728813559322,,,Lactate/Pyruvate,,,False,ST002058,1.9552397727644706,Transition,Skeletal_muscle_TA,,,,,,,,,,,,,6.829500519997908,4.999577880453719,147.35052422782658,1.829922639544189,526.892112125163,-1.2505748836205255
CTL-1_R23-,Lactate/Pyruvate,8075.471698113208,,,Lactate/Pyruvate,,,True,ST002058,1.9552397727644706,Transition,Skeletal_muscle_TA,,,,,,,,,,,,,8.996710385120991,4.999577880453719,147.35052422782658,3.997132504667272,5380.449927431059,1.5229958009303075
CTL-5_R2-,Lactate/Pyruvate,2177.0114942528735,,,Lactate/Pyruvate,,,True,ST002058,1.9552397727644706,Transition,Skeletal_muscle_TA,,,,,,,,,,,,,7.686167580913724,4.999577880453719,147.35052422782658,2.6865897004600052,1377.4372236958443,-0.15422206388957246
CTL-9_R1-,Lactate/Pyruvate,4171.2962962962965,,,Lactate/Pyruvate,,,True,ST002058,1.9552397727644706,Transition,Skeletal_muscle_TA,,,,,,,,,,,,,8.336221833804096,4.999577880453719,147.35052422782658,3.336643953350377,2730.866274928775,0.6777100199383735
