Protein,N_Studies,N_Tissues,Matrisome_Category,Matrisome_Division,Shannon_Entropy,Variance_Entropy_CV,Predictability_Score,Aging_Direction,Entropy_Transition,Mean_Zscore_Delta,N_Observations,Entropy_Cluster
PRSS2,2,5,ECM Regulators,Matrisome-associated,2.847097007217235,0.3732516318500356,1.0,decrease,0.009088601460787105,-0.2814900032700739,5,2
FLG,4,5,Secreted Factors,Matrisome-associated,3.019177120040635,0.2718668833276176,0.8,decrease,0.018363183272565975,-0.8005161058518737,5,2
HRNR,3,6,Secreted Factors,Matrisome-associated,3.20163157395057,0.39293730735522425,0.8333333333333334,decrease,0.010637853722458845,-0.25842024242106115,6,2
MASP2,3,6,ECM Regulators,Matrisome-associated,3.0710280077332603,0.36222056840232175,0.6666666666666666,increase,0.2743710995689143,1.6322555280848132,6,1
MATN2,4,7,ECM Glycoproteins,Core matrisome,3.914701336811363,0.5124675598763104,0.6666666666666666,decrease,0.042403584994492705,-0.19870271154385497,9,4
AGRN,5,8,ECM Glycoproteins,Core matrisome,4.146308730912948,0.4056582405505308,0.9,decrease,0.006485141154591756,-0.935538073872047,10,5
CCL21,2,4,Secreted Factors,Matrisome-associated,2.898179158990551,0.030777073479700566,0.75,decrease,0.0027897439764247647,-0.12118842736808902,4,2
CCN1,2,4,ECM Glycoproteins,Core matrisome,2.784406399024351,0.1253204267909584,0.75,increase,0.025562155402265543,-0.13833568381842734,4,2
NELL1,2,4,ECM Glycoproteins,Core matrisome,2.7762107578957953,0.11541129506246602,0.5,mixed,0.01105071183338259,-0.07378845370389042,4,3
PLXNB2,4,4,ECM-affiliated Proteins,Matrisome-associated,2.745416959412798,0.5619311248325531,0.5,mixed,0.6598777886887971,-0.698838068675959,4,1
LAMA5,5,8,ECM Glycoproteins,Core matrisome,3.7989463702991784,0.40452650638688437,0.875,decrease,0.01923251891661476,-0.19446690804987243,8,5
P4HA2,3,5,ECM Regulators,Matrisome-associated,3.0680549398649095,0.46975909371687363,1.0,decrease,0.017421972745560732,-0.31432763794123736,5,5
PLOD3,3,5,ECM Regulators,Matrisome-associated,3.182746783246926,0.3413468087446908,0.6,increase,0.32226703609316115,0.3698037724245488,5,1
SRPX2,2,4,ECM Glycoproteins,Core matrisome,2.6575861576417923,0.5444323960608991,1.0,decrease,0.005971181811847304,-0.33265017908150757,4,5
SLIT3,2,4,ECM Glycoproteins,Core matrisome,2.838975630972042,0.36977178682345907,0.75,decrease,0.5829091149176779,-0.031210880617687398,4,1
CILP,3,5,ECM Glycoproteins,Core matrisome,3.170953256501443,0.3587116101683229,0.8,decrease,0.34900170834657285,-0.20412026491749238,5,1
CCN5,3,6,ECM Glycoproteins,Core matrisome,3.2111155000558718,0.6005026884381597,0.6666666666666666,increase,0.05785669558179196,0.7539205979547926,6,4
ECM2,2,4,ECM Glycoproteins,Core matrisome,2.6657996212441675,0.5303788477214119,1.0,decrease,0.0007128799313308454,-0.4048102931742976,4,5
MATN4,2,4,ECM Glycoproteins,Core matrisome,2.8399915210172155,0.35993982921338336,0.75,decrease,0.5644332410035863,0.36518562483231987,4,1
CXCL14,3,5,Secreted Factors,Matrisome-associated,3.112231513623059,0.45019628757625363,0.6,increase,0.5782334779881826,-0.6813780492810144,5,1
EFEMP2,2,4,ECM Glycoproteins,Core matrisome,2.840798805522004,0.3498218865147793,0.75,decrease,0.5604421050308417,0.4680501893312515,4,1
F13A1,4,7,ECM Regulators,Matrisome-associated,3.5011625238543336,0.5368445719689674,0.7142857142857143,increase,0.007763153003516821,0.5922623693259207,7,4
F2,8,13,ECM Regulators,Matrisome-associated,4.609488275222401,0.455486610502959,0.7857142857142857,increase,0.07767281336479859,0.5662471442497237,14,5
F9,6,8,ECM Regulators,Matrisome-associated,4.022161443351266,0.40460862745556553,0.7777777777777778,increase,0.07706933676521949,1.1089786840702964,9,5
F10,7,8,ECM Regulators,Matrisome-associated,3.992643824444162,0.406902657793213,0.6666666666666666,increase,0.03955937245077579,0.5275915325915354,9,5
PLG,5,8,ECM Regulators,Matrisome-associated,3.741490718814388,0.4908270042724051,0.625,increase,0.10839878773038647,0.5820493625810772,8,4
F12,6,8,ECM Regulators,Matrisome-associated,4.016682188576645,0.4041935103370648,0.8888888888888888,increase,0.11279832993910682,0.5350765707040291,9,5
SERPINC1,5,8,ECM Regulators,Matrisome-associated,3.704147214033415,0.5383301337407606,0.625,increase,0.09645585877107227,0.5551162080122082,8,4
SERPINA1,5,8,ECM Regulators,Matrisome-associated,3.9467708480883723,0.6204229291327876,0.6,increase,0.021714953554457628,0.15017941651545452,10,4
SERPINA3,5,8,ECM Regulators,Matrisome-associated,3.908196514538799,0.653890103953466,0.6,increase,0.017643626313736394,0.14228121566100677,10,4
AGT,5,8,ECM Regulators,Matrisome-associated,3.700115787622606,0.5480567904615853,0.625,decrease,0.04913981899494768,-0.663870379565451,8,4
A2M,5,8,ECM Regulators,Matrisome-associated,3.6406539103655216,0.5970347168242617,0.75,increase,0.023692793690940128,0.4984654145518097,8,4
TIMP1,2,5,ECM Regulators,Matrisome-associated,2.8271269552856038,0.4712206419698661,0.6,increase,0.010254364488254064,0.07937164044784947,5,4
CST3,3,6,ECM Regulators,Matrisome-associated,3.251220882890063,0.37909962569931765,0.5,mixed,0.04814854086482323,0.33699281225593564,6,4
KNG1,5,8,ECM Regulators,Matrisome-associated,3.6457661070113434,0.5901915760307259,0.75,increase,0.046224770355300926,1.3095405867343908,8,4
TGFB1,2,4,Secreted Factors,Matrisome-associated,2.931683400844363,0.02319655072074102,1.0,decrease,0.0023258529197733788,-0.1845529636405338,4,2
COL1A1,5,8,Collagens,Core matrisome,3.759681457793147,0.45102153504325626,0.875,decrease,0.004943005376589982,-0.4707467661261191,8,5
COL2A1,4,7,Collagens,Core matrisome,3.626801987963586,0.42449099577626115,0.8571428571428571,decrease,0.15432563884549683,-0.5055708254375896,7,5
COL3A1,5,8,Collagens,Core matrisome,4.143446609582696,0.3810966473665191,0.9,decrease,0.020172334385434476,-0.4279587874619276,10,5
FGA,5,8,ECM Glycoproteins,Core matrisome,4.049280202658272,0.518423723160617,0.7,increase,0.09265106832717246,0.80257210122337,10,4
FGB,5,8,ECM Glycoproteins,Core matrisome,3.71807074725564,0.5075371111839339,0.75,increase,0.05972009011362822,0.9837365784815196,8,4
FGG,5,8,ECM Glycoproteins,Core matrisome,3.66736053947776,0.5454848477534601,0.875,increase,0.06896407626140366,0.926093407813948,8,4
C1QA,3,5,ECM-affiliated Proteins,Matrisome-associated,3.0326807820269326,0.4918260614998242,0.6,decrease,0.035052152834326444,0.592742248908308,5,4
C1QB,4,7,ECM-affiliated Proteins,Matrisome-associated,3.519879526237208,0.5044146018573276,0.5714285714285714,decrease,0.013997940672472176,-0.05264358672050758,7,4
C1QC,4,7,ECM-affiliated Proteins,Matrisome-associated,3.5560444932565147,0.4714001742167342,0.7142857142857143,increase,0.0043161949216972695,0.45299281151341625,7,5
LRG1,4,7,ECM Glycoproteins,Core matrisome,3.5219112564288855,0.5663048290377997,1.0,increase,0.1298454179205581,1.8423011520743027,7,5
FN1,5,8,ECM Glycoproteins,Core matrisome,3.634189863240654,0.6042655040964611,0.75,increase,0.00010103947339967778,0.38277663004960205,8,4
AMBP,5,8,ECM Regulators,Matrisome-associated,3.719204373040176,0.5115262420753531,0.5,mixed,0.031018067819001405,0.39009818546885505,8,4
CXCL10,3,6,Secreted Factors,Matrisome-associated,3.351256066710822,0.259913750175663,0.8571428571428571,increase,0.05297530609080156,0.7458976698400278,7,5
HPX,5,8,ECM-affiliated Proteins,Matrisome-associated,3.7223388603548173,0.5118184923219038,0.75,increase,0.059380476238886426,1.2340784764174249,8,4
SLPI,4,7,ECM Regulators,Matrisome-associated,4.008669862176082,0.55147019220495,0.7,decrease,0.06522341216666738,-0.0907246744343069,10,4
VTN,5,8,ECM Glycoproteins,Core matrisome,3.7111526939654977,0.5277864923493003,0.875,increase,0.06598595245825811,1.4384654722535242,8,4
ANXA1,5,8,ECM-affiliated Proteins,Matrisome-associated,3.6564096403780777,0.5883895451052745,0.75,decrease,0.012464853931695163,-0.4160063651639987,8,4
HRG,5,8,ECM Regulators,Matrisome-associated,3.7176149062698167,0.519804173322145,0.75,increase,0.06919317706319167,0.44352543505705316,8,4
S100B,2,4,Secreted Factors,Matrisome-associated,2.8438742285545846,0.3417283487056967,0.75,decrease,0.5411365541136682,0.4457936957918332,4,1
VWF,4,7,ECM Glycoproteins,Core matrisome,3.589000901194793,0.43870408103244624,0.5714285714285714,increase,0.04400295330714182,0.2541619664646732,7,4
SERPINE1,2,4,ECM Regulators,Matrisome-associated,2.7445937951925137,0.1585052555017978,0.75,decrease,0.016237712532115645,-0.2165942135241543,4,2
SERPINA5,4,7,ECM Regulators,Matrisome-associated,3.6646605686101252,0.37289726280108937,0.8571428571428571,decrease,0.2244951538778729,-0.3094081123321229,7,5
SERPING1,5,8,ECM Regulators,Matrisome-associated,3.9225069643988126,0.6534479989125532,0.5,mixed,0.043969005829906704,0.5322760997743038,10,4
CLEC3B,3,5,ECM-affiliated Proteins,Matrisome-associated,3.0384125962095885,0.39269697135342685,0.8,decrease,0.006438488353361915,-0.23765549176097367,5,2
SERPINA7,2,4,ECM Regulators,Matrisome-associated,2.783615952604499,0.153304220907865,0.75,increase,0.010028367095749419,0.5552129307653355,4,2
SERPIND1,5,8,ECM Regulators,Matrisome-associated,3.522630687831671,0.7068484749303595,0.625,increase,0.09254521863320708,0.8441124252097925,8,4
COL5A2,5,8,Collagens,Core matrisome,3.9704030823585468,0.5649531696781935,0.8,decrease,0.05610697636077355,-0.44956063719260975,10,4
S100A9,5,8,Secreted Factors,Matrisome-associated,4.266860425622106,0.40937015188538795,0.6363636363636364,increase,0.010876981375338268,0.3530033846659532,11,5
S100A6,4,6,Secreted Factors,Matrisome-associated,3.4281646897553495,0.36446686764445485,0.5,mixed,0.2482504792266236,0.39502465243723894,6,4
SERPINE2,3,5,ECM Regulators,Matrisome-associated,3.176698984157063,0.3558214287986249,0.6,decrease,0.39785631986276293,0.9741587824297063,5,1
CTSD,4,6,ECM Regulators,Matrisome-associated,3.3045667080399714,0.49170298843121907,0.8333333333333334,increase,0.006981216161874859,0.4636774759474194,6,5
ANXA2,5,8,ECM-affiliated Proteins,Matrisome-associated,3.5627741538201647,0.657140666890725,0.875,decrease,0.0269131325625106,-0.24726364279732863,8,4
DCN,5,8,Proteoglycans,Core matrisome,3.6620349868261886,0.5682857976211554,0.625,decrease,0.01576070208481739,-0.13294348749982007,8,4
CTSB,4,7,ECM Regulators,Matrisome-associated,3.5814244924021157,0.43947838076379153,0.5714285714285714,decrease,0.027223460397667765,-0.01510032836967504,7,4
LAMB1,5,8,ECM Glycoproteins,Core matrisome,3.805294724323754,0.4020490761671754,0.75,decrease,0.009709038059577568,-0.5213995167680017,8,5
THBS1,3,5,ECM Glycoproteins,Core matrisome,3.0019839674606454,0.2686001632581722,0.8,decrease,0.006775818309126047,-0.7156356354251373,5,2
COL1A2,5,8,Collagens,Core matrisome,3.7455401913380073,0.47377928515653145,0.875,decrease,0.015330548639215957,-0.5470829760963436,8,5
ANXA6,5,8,ECM-affiliated Proteins,Matrisome-associated,3.6824853871563263,0.5563179118792365,0.75,decrease,0.012439974231969408,-0.2005750766243141,8,4
SERPINA6,3,5,ECM Regulators,Matrisome-associated,3.048929647599158,0.475473076399559,0.8,increase,0.006263346209746501,1.0290110456528478,5,2
MMP2,2,4,ECM Regulators,Matrisome-associated,2.668316187430561,0.5290326718105475,0.75,increase,0.016226953897180763,0.33497077237624173,4,4
COL4A2,5,8,Collagens,Core matrisome,3.8190517025676898,0.3740622092015103,0.625,decrease,0.00019177013523435926,-0.320466479091151,8,5
SERPINF2,5,8,ECM Regulators,Matrisome-associated,3.703561365365905,0.5386017896688196,0.75,increase,0.08341274862226633,0.4593062462089831,8,4
ANXA5,5,8,ECM-affiliated Proteins,Matrisome-associated,3.654436290694953,0.5899411507932362,0.75,decrease,0.004223912672778107,-0.13978099546543435,8,4
LGALS1,5,8,ECM-affiliated Proteins,Matrisome-associated,3.768068053627769,0.45616856573031217,0.625,decrease,0.013441424640510125,0.019889604668231697,8,4
SPARC,3,5,ECM Glycoproteins,Core matrisome,2.8849424299107223,0.6362415799258154,1.0,decrease,0.018776328610915494,-0.44391991510610057,5,5
ANXA4,5,8,ECM-affiliated Proteins,Matrisome-associated,3.6466400374501635,0.5814151007660667,0.875,decrease,0.02768709140100667,-0.2675285685055725,8,4
HAPLN1,2,4,Proteoglycans,Core matrisome,2.661093378093412,0.5558385786022515,1.0,decrease,0.016021168930433927,-0.4395086509494988,4,5
LAMC1,5,8,ECM Glycoproteins,Core matrisome,3.801074300467055,0.3979835792223949,0.75,decrease,0.0021766321777557107,-0.34854093441242706,8,5
COL11A1,3,6,Collagens,Core matrisome,3.445033634257797,0.3581888687489287,0.8333333333333334,decrease,0.3040087485472672,-0.07710606805211181,6,5
COL6A1,5,8,Collagens,Core matrisome,3.7395674721644516,0.4800080992816072,0.625,decrease,0.029050731052426892,-0.3325875737544515,8,4
COL6A2,5,8,Collagens,Core matrisome,3.722502156741778,0.497395636036451,0.75,decrease,0.03583157541029597,-0.25449893269732726,8,4
COL6A3,5,8,Collagens,Core matrisome,3.6404121890866294,0.5883432225059791,0.625,decrease,0.04133126845039248,-0.11472250849329,8,4
VCAN,5,8,Proteoglycans,Core matrisome,3.855545401210886,0.6926799813315961,0.8,decrease,0.04340221675745437,-0.11031462658376315,10,4
P4HA1,3,5,ECM Regulators,Matrisome-associated,3.056227455133652,0.4709466352311389,1.0,decrease,0.0028448152072712007,-0.32512171211605473,5,5
COL11A2,2,5,Collagens,Core matrisome,2.86213858300907,0.3638075930396365,1.0,decrease,0.043446491539936516,-0.9096397887899711,5,2
NID1,5,8,ECM Glycoproteins,Core matrisome,3.791565366608328,0.4113255219364304,0.5,mixed,0.010916535457873244,-0.10653285550221223,8,3
ELN,4,5,ECM Glycoproteins,Core matrisome,3.6028444852862735,0.4243161402764328,0.5714285714285714,increase,0.09011097439872556,1.5489196124768612,7,4
ACAN,3,6,Proteoglycans,Core matrisome,3.319326757971849,0.5222967254863374,0.6666666666666666,decrease,0.2538834872198054,0.4420378655919843,6,4
LGALS3,5,8,ECM-affiliated Proteins,Matrisome-associated,3.725182966119576,0.5121754170972761,0.625,decrease,0.0421721630738392,0.07208419425343765,8,4
IGFBP3,2,4,ECM Glycoproteins,Core matrisome,2.7674741537581093,0.143723067638471,0.75,decrease,0.00731397130771097,-0.03342631839081684,4,2
ITIH2,3,5,ECM Regulators,Matrisome-associated,3.036805686208156,0.5001463249658638,0.8,increase,0.05142723321595838,0.8861871609554253,5,2
ITIH1,5,8,ECM Regulators,Matrisome-associated,3.6281948318693176,0.6033165695899081,0.625,increase,0.09392869334611809,0.3501528833729096,8,4
ANXA7,5,8,ECM-affiliated Proteins,Matrisome-associated,3.712182181888254,0.5243408361528498,0.75,decrease,0.011553099635824404,-0.18478984621233238,8,4
PZP,2,2,ECM Regulators,Matrisome-associated,1.6269705004538517,0.6452497195602476,0.5,mixed,1.1176052978479185,0.3530190347011143,2,1
OGN,5,8,Proteoglycans,Core matrisome,3.635297127084304,0.5940249427459874,0.75,decrease,0.021284890390806832,0.0491746538065205,8,4
COL5A1,5,8,Collagens,Core matrisome,3.769393095372821,0.44546770316789697,0.875,decrease,0.023935386267086356,-0.5141098905070722,8,5
BGN,5,8,Proteoglycans,Core matrisome,3.6574553763691924,0.578217671063107,0.625,decrease,0.041293197824399,0.23474818322041957,8,4
TGM2,4,7,ECM Regulators,Matrisome-associated,3.605508144386749,0.4101002348328408,0.7142857142857143,decrease,0.018703720939233004,0.022906709213161673,7,5
TNXB,4,6,ECM Glycoproteins,Core matrisome,3.2747484394134703,0.5383684239247981,1.0,decrease,0.03622509020050635,-0.9936116933556377,6,5
CPN2,4,7,ECM Regulators,Matrisome-associated,3.558824780458316,0.5156555285680638,0.5714285714285714,increase,0.18923024384766574,0.8461097674551828,7,4
FBLN1,4,7,ECM Glycoproteins,Core matrisome,3.8135502927567075,0.3939740002712749,0.6666666666666666,increase,0.010623417276497404,0.3182374836388689,9,5
S100A1,3,5,Secreted Factors,Matrisome-associated,3.1848117926384614,0.332259418987615,0.8,decrease,0.36021188930467785,-0.7780530735212507,5,1
LAMA2,4,7,ECM Glycoproteins,Core matrisome,3.5900672568024414,0.4421181436706829,0.7142857142857143,decrease,0.0012143471913679815,-0.1354227527891395,7,5
TNC,4,7,ECM Glycoproteins,Core matrisome,3.509724401111196,0.5428725781697149,0.5714285714285714,decrease,0.04418667685195343,-0.060672996839893675,7,4
S100A4,3,5,Secreted Factors,Matrisome-associated,3.185308908733682,0.3231570997166174,0.6,decrease,0.3853455417116967,0.46752169550426126,5,1
COL8A1,4,7,Collagens,Core matrisome,3.664238243315772,0.36467359415415346,0.8571428571428571,decrease,0.1520661479969046,-0.34774113904231035,7,5
LOX,2,4,ECM Regulators,Matrisome-associated,2.663445260135501,0.5162794726225791,1.0,decrease,0.009411623646090161,-0.5517279120040235,4,5
SERPINA4,4,7,ECM Regulators,Matrisome-associated,3.4637759339453154,0.5840691300549026,0.5714285714285714,increase,0.09544882983254777,0.28121267362553476,7,4
SERPINB1,5,8,ECM Regulators,Matrisome-associated,3.6542025163208693,0.5728202222502058,0.5,mixed,0.017869825711885334,0.14749587825110394,8,4
S100A11,4,7,Secreted Factors,Matrisome-associated,3.5406082645678443,0.48225962089868535,0.5714285714285714,decrease,0.02514154860187201,-0.06843802295023024,7,4
GPC1,3,5,ECM-affiliated Proteins,Matrisome-associated,3.0561718633511217,0.21824455667675335,1.0,decrease,0.014204933191434094,-0.5386083139167286,5,2
SERPINB6,4,6,ECM Regulators,Matrisome-associated,3.298047826029222,0.5131371554797449,0.6666666666666666,decrease,0.0115904113987787,0.3307439306238617,6,4
THBS2,2,4,ECM Glycoproteins,Core matrisome,2.6661277459906856,0.5498338921547103,1.0,decrease,0.009697617905178202,-0.21011348960861068,4,5
THBS4,3,5,ECM Glycoproteins,Core matrisome,3.1772612176537103,0.35886963820333134,0.6,decrease,0.4068663839730353,0.49600930338377347,5,1
FBN1,5,8,ECM Glycoproteins,Core matrisome,4.034976863033084,0.5151756766703496,0.7,decrease,0.04083396464022282,-0.08627298745570872,10,4
TIMP3,4,7,ECM Regulators,Matrisome-associated,3.5474781730435523,0.5017348346501627,0.8571428571428571,increase,0.04259332706792979,1.53139276341325,7,5
IGFALS,4,7,ECM Glycoproteins,Core matrisome,3.7033453444453777,0.2898674868263537,1.0,increase,0.2235018542819683,0.9122507978645151,7,5
SERPINF1,5,8,ECM Regulators,Matrisome-associated,3.9913049767170357,0.5884454981186025,0.5,mixed,0.06152027183931197,0.2861487968502382,10,4
COL15A1,4,7,Collagens,Core matrisome,3.5618141902365155,0.4677500417160102,0.8571428571428571,decrease,0.036944077657710295,-0.37438235660577207,7,5
COL18A1,5,8,Collagens,Core matrisome,4.416471513975273,0.4067008079899049,0.6666666666666666,increase,0.004688022279171533,0.29458651067526037,12,5
CXCL12,4,7,Secreted Factors,Matrisome-associated,3.4944090643710006,0.5477117717495268,0.5714285714285714,decrease,0.0965604434640478,0.9046020060114153,7,4
LMAN1,5,8,ECM-affiliated Proteins,Matrisome-associated,3.7339434697699843,0.5201344077427746,0.5,mixed,0.10686654701649595,0.7243294599170675,8,4
THBS3,2,4,ECM Glycoproteins,Core matrisome,2.6767888560295665,0.51643619587091,1.0,decrease,0.026612890697385372,-0.5621883377347277,4,5
SERPINH1,5,8,ECM Regulators,Matrisome-associated,3.725990308874604,0.5157533438547072,0.75,decrease,0.024888822814212008,-0.45205611548333935,8,4
ANXA11,5,8,ECM-affiliated Proteins,Matrisome-associated,3.70320711251292,0.5454007568212546,0.75,decrease,0.006912789915721418,-0.2807610711884825,8,4
LUM,5,8,Proteoglycans,Core matrisome,3.6460749272198925,0.5869282413793855,0.75,decrease,0.023303728898834364,0.25747142799303063,8,4
PRELP,5,8,Proteoglycans,Core matrisome,3.6341619889719894,0.6019345557132827,0.75,decrease,0.02856833327592523,0.19105145279720215,8,4
MFAP2,3,6,ECM Glycoproteins,Core matrisome,3.0572293128068995,0.6992511692601354,0.8333333333333334,decrease,0.02593935586342122,-1.1053053107861415,6,4
MFAP4,4,7,ECM Glycoproteins,Core matrisome,3.4663745473289636,0.5445641191097448,0.5714285714285714,increase,0.0006600228979901646,0.8281903695746794,7,4
LAMB2,5,8,ECM Glycoproteins,Core matrisome,3.806193560404899,0.39234723622114204,0.875,decrease,0.017829615515531916,-0.3882542608936719,8,5
CCL18,2,4,Secreted Factors,Matrisome-associated,2.873897668182126,0.033461838896461885,1.0,decrease,0.029932552655779324,-0.33860677666648736,4,2
S100A10,4,6,Secreted Factors,Matrisome-associated,3.3167902555121715,0.46828233717059864,0.6666666666666666,decrease,0.02013322003195933,0.044462678945794976,6,4
SRPX,3,5,ECM Glycoproteins,Core matrisome,3.0504500778483754,0.4648660168508613,0.8,decrease,0.02426125072706603,-0.14142183682422513,5,2
FBLN2,3,5,ECM Glycoproteins,Core matrisome,3.0546223807066553,0.454533747842654,1.0,decrease,0.010881336994298718,-0.5021510043970323,5,5
HSPG2,5,8,Proteoglycans,Core matrisome,3.763378332046994,0.4544429626349035,1.0,decrease,0.010436765262177738,-0.449809804984024,8,5
COL7A1,3,6,Collagens,Core matrisome,3.3480779512336096,0.43717542344751886,0.5,mixed,0.00966695878177054,-0.09010777580018238,6,4
PLOD1,3,5,ECM Regulators,Matrisome-associated,3.178770816761728,0.34219356318849176,0.8,decrease,0.365124879677503,0.4204955523565008,5,1
COL14A1,5,8,Collagens,Core matrisome,3.706905633481237,0.5252075997969479,0.75,decrease,0.04894137311297775,-0.22041687602705445,8,4
ITIH3,4,7,ECM Regulators,Matrisome-associated,3.5833824161870726,0.48797787177670693,1.0,increase,0.1438657436527646,1.0747562660821193,7,5
FMOD,4,6,Proteoglycans,Core matrisome,3.2569079747244913,0.5540205170908746,1.0,decrease,0.003986787106498801,-0.818589723257647,6,5
COL16A1,4,7,Collagens,Core matrisome,3.5208442961295296,0.4989307409713638,1.0,decrease,0.00680362140557611,-0.34006674579462887,7,5
DPT,5,8,ECM Glycoproteins,Core matrisome,3.6729622161654625,0.5479952510421566,0.75,decrease,0.021497667194959602,-0.10106102857263957,8,4
MFGE8,4,7,ECM Glycoproteins,Core matrisome,3.521373389293231,0.5316171893233093,0.7142857142857143,decrease,0.016714424996301824,0.008110893850696046,7,4
EFEMP1,5,8,ECM Glycoproteins,Core matrisome,3.755042832738571,0.46738393636263276,0.75,increase,0.014784580868471342,-0.04872215012612198,8,4
FSTL1,2,4,Secreted Factors,Matrisome-associated,2.7633139551734174,0.13282029931886877,1.0,decrease,0.015860454310754973,-0.29044764489691904,4,2
SEMA3B,2,5,ECM-affiliated Proteins,Matrisome-associated,2.823717363109908,0.42251716337655487,0.6,increase,0.014896219624457807,0.11594657086479314,5,4
ADAM15,2,3,ECM Regulators,Matrisome-associated,1.6161694801583975,0.44923249013467503,0.6666666666666666,decrease,0.5328824217153828,-1.3265265670313788,3,1
COL9A2,2,5,Collagens,Core matrisome,2.886218436377453,0.2999437288627137,0.6,decrease,0.03678575288480607,-0.0014446005509420544,5,3
NID2,5,8,ECM Glycoproteins,Core matrisome,3.7772062912475257,0.4583996739222726,0.875,decrease,0.0068564611196423875,-0.6301118973993494,8,5
ITIH4,5,8,ECM Regulators,Matrisome-associated,4.005145933757877,0.5867283179099628,0.8,increase,0.10354253304249916,0.660550578200785,10,4
LTBP1,4,7,ECM Glycoproteins,Core matrisome,3.6485861057749145,0.3978772051129318,0.8571428571428571,increase,0.12851386533480263,1.1232070876519142,7,5
LTBP2,2,4,ECM Glycoproteins,Core matrisome,2.7391282532661156,0.15734496132388553,1.0,decrease,0.0038799060418778786,-0.1673715778244546,4,2
POSTN,5,8,ECM Glycoproteins,Core matrisome,3.617521052588246,0.5975255588797523,0.75,increase,0.04566856373327843,0.40401427074215956,8,4
PCOLCE,2,4,ECM Glycoproteins,Core matrisome,2.663645494577299,0.5314103104536747,1.0,decrease,0.006558891050641669,-0.359382217633986,4,5
FCN2,2,5,ECM-affiliated Proteins,Matrisome-associated,2.9711704548619067,0.26916016565871365,1.0,increase,0.09788588228981965,2.1733207300159347,5,2
TGFBI,5,8,ECM Glycoproteins,Core matrisome,4.046219345585026,0.5181447314043474,0.5,mixed,0.028750024505359573,0.19593560811074923,10,4
ADIPOQ,3,5,ECM Glycoproteins,Core matrisome,3.1689339664974407,0.1031007532513623,0.6,decrease,0.008403826668885797,-0.009376898959823465,5,3
IGFBP7,3,6,ECM Glycoproteins,Core matrisome,3.1969505721824873,0.45849810030734794,0.5,mixed,0.06247998176558467,0.05343095681193657,6,4
LAMA4,5,8,ECM Glycoproteins,Core matrisome,3.7764020574932116,0.4515565990001292,0.625,decrease,0.00748081197232886,-0.13201288316101656,8,4
ECM1,4,7,ECM Glycoproteins,Core matrisome,3.5111523921105343,0.5417899163977112,0.7142857142857143,increase,0.03774591194831611,0.20740211479902607,7,4
COL28A1,3,5,Collagens,Core matrisome,3.0593961663868607,0.46232841279360126,0.6,decrease,0.01350805890571255,-0.23251385287400234,5,4
P3H1,3,5,ECM Regulators,Matrisome-associated,3.0744088743520135,0.47812286994818415,0.8,decrease,0.021110804615632695,-0.34265813111246385,5,2
FNDC1,3,6,ECM Glycoproteins,Core matrisome,3.405849211879671,0.4157684360410352,0.8333333333333334,decrease,0.26171005909366646,-0.1408931739391073,6,5
FBLN7,2,4,ECM Glycoproteins,Core matrisome,2.8412161610199167,0.3441767961650329,0.75,decrease,0.5334630940915527,0.42752923302080675,4,1
ANXA8,2,2,ECM-affiliated Proteins,Matrisome-associated,1.2505475874207113,0.91410869372116,1.0,decrease,0.0,-0.24314378156726546,2,4
VWA1,4,7,ECM Glycoproteins,Core matrisome,3.5822588240996676,0.4453919032842782,0.7142857142857143,decrease,0.013818995034174275,-0.08075943633089026,7,5
CSPG4,3,5,ECM-affiliated Proteins,Matrisome-associated,3.045184230611294,0.4987038677631202,1.0,decrease,0.005640293933517837,-0.46985503098646253,5,5
PLXDC2,2,4,ECM-affiliated Proteins,Matrisome-associated,2.8412981640041624,0.3548900681831029,0.5,mixed,0.5652632384247148,0.5452117756669635,4,1
VIT,2,4,ECM Glycoproteins,Core matrisome,2.65607367467923,0.5520367410203603,1.0,decrease,0.00807575952824735,-1.02779754948247,4,5
CD109,3,5,ECM Regulators,Matrisome-associated,3.051314779089022,0.49350108540489734,1.0,decrease,0.007046752408719548,-0.5637869299887699,5,5
ABI3BP,4,6,ECM Glycoproteins,Core matrisome,3.1727437670289858,0.6137793309165895,0.8333333333333334,decrease,0.016784007921099464,-0.2434432796799391,6,4
ITIH5,4,7,ECM Regulators,Matrisome-associated,3.6382687069954582,0.41726646515695537,0.8571428571428571,decrease,0.19973919312464927,-0.265194394429953,7,5
ANGPTL5,2,4,Secreted Factors,Matrisome-associated,2.8427162661044094,0.35315297199383994,0.75,decrease,0.5279072773760294,0.37862685862265283,4,1
AEBP1,5,8,ECM Glycoproteins,Core matrisome,3.7148107062993287,0.5417651161268862,1.0,decrease,0.012570981290952576,-0.4277370021464041,8,5
LTBP4,4,7,ECM Glycoproteins,Core matrisome,3.6034660586868346,0.45626438447660567,0.5714285714285714,decrease,0.20352394670213264,0.15402823126428927,7,4
PXDN,4,7,ECM Glycoproteins,Core matrisome,3.7489862734823975,0.4927962728347331,0.625,decrease,0.0030307016106340123,-0.17413293264659113,8,4
HTRA1,3,6,ECM Regulators,Matrisome-associated,3.219418851667473,0.6139170563848353,0.8333333333333334,increase,0.036926887851214896,0.5317611373375702,6,4
PRG4,2,4,Proteoglycans,Core matrisome,2.8341677654114275,0.37081684658321173,0.75,increase,0.5732080985243169,-0.5549517292400237,4,1
CTHRC1,2,4,ECM Glycoproteins,Core matrisome,2.6728744643966884,0.5145275935227308,1.0,decrease,0.006171766316806493,-0.24864655492948198,4,5
HMCN1,2,4,ECM Glycoproteins,Core matrisome,2.6891485175463554,0.5341540165610463,0.75,decrease,0.03032620560175825,-0.18633907797841925,4,4
HAPLN3,2,4,Proteoglycans,Core matrisome,2.8375793692079547,0.3671743306660533,0.75,decrease,0.5599975834087662,0.20696649693093128,4,1
S100A13,4,6,Secreted Factors,Matrisome-associated,3.4472448489506156,0.3346947833548789,0.6666666666666666,decrease,0.25984198299454975,-0.05659141409009705,6,1
COL12A1,5,8,Collagens,Core matrisome,3.930705086872936,0.6311583877499143,0.6,decrease,0.0644754812622258,0.003732996569364211,10,4
OMD,2,4,Proteoglycans,Core matrisome,2.6605558033983,0.5341324020706859,0.75,decrease,0.004386448910189578,-0.052576459275334934,4,4
SEMA3C,2,4,ECM-affiliated Proteins,Matrisome-associated,2.7496260388779343,0.1521266593874016,0.75,decrease,0.007822905169031419,-0.11622042464733903,4,2
C1QTNF5,2,5,ECM-affiliated Proteins,Matrisome-associated,2.8644459728634297,0.3500642202877032,0.6,increase,0.001870614757521094,0.5868806022366604,5,3
ASPN,4,7,Proteoglycans,Core matrisome,3.5587817949660563,0.4619718328946626,0.7142857142857143,decrease,0.01870694159005648,-0.12132782430977282,7,5
TINAGL1,4,6,ECM Glycoproteins,Core matrisome,4.14793429264441,0.3818124872866854,0.9,decrease,0.0023388248363944153,-0.7568830362430713,10,5
SMOC2,2,5,ECM Glycoproteins,Core matrisome,2.867645608192775,0.39472123916544566,0.8,decrease,0.002575923550930115,-0.31056929980461334,5,2
MMRN2,4,7,ECM Glycoproteins,Core matrisome,3.5562983308645184,0.5094033995569105,0.5714285714285714,decrease,0.029311161868552205,0.4598138590073632,7,4
SPON1,3,5,ECM Glycoproteins,Core matrisome,3.1859325653081254,0.33736489030044603,0.6,decrease,0.36240870264582425,0.3412874184538185,5,1
MXRA5,2,4,ECM Glycoproteins,Core matrisome,2.6827863598169657,0.5679463293673671,1.0,decrease,0.03281728452275867,-0.3386230552403015,4,5
EMILIN3,3,5,ECM Glycoproteins,Core matrisome,3.054546593458141,0.4850087562001847,1.0,decrease,0.002224096809456011,-0.7504266866547956,5,5
CTSZ,4,6,ECM Regulators,Matrisome-associated,3.4271955915248307,0.3769408505892166,0.8333333333333334,increase,0.2607025574929694,0.6212856895983361,6,5
FBLN5,5,8,ECM Glycoproteins,Core matrisome,3.70776028435116,0.5049487488366504,0.75,decrease,0.017334151252949903,-0.0431568199957075,8,4
SERPINA10,2,4,ECM Regulators,Matrisome-associated,2.7840038606935753,0.16402165581859574,1.0,increase,0.009283593082666103,0.9516466190924204,4,2
ANGPTL2,3,5,Secreted Factors,Matrisome-associated,3.1768529572085202,0.35318666344733485,0.8,increase,0.37916243923811926,0.9191870450706794,5,1
CLEC11A,2,4,ECM-affiliated Proteins,Matrisome-associated,2.8385222835490085,0.3630666639343364,0.5,mixed,0.5798221066509102,0.6183396684158342,4,1
EMILIN1,5,8,ECM Glycoproteins,Core matrisome,3.731566497741331,0.4953538787808247,0.625,decrease,0.02265758088085723,-0.012740588812586343,8,4
COL6A6,5,6,Collagens,Core matrisome,3.3587822716266587,0.41265193070745326,0.5,mixed,0.07189733936147996,0.27506477718381905,6,4
COL4A1,5,7,Collagens,Core matrisome,3.5924329446681496,0.41329841587742217,0.7142857142857143,decrease,0.0028288130487914565,-0.25808266315413325,7,5
S100A8,5,7,Secreted Factors,Matrisome-associated,3.548909750562572,0.4869768986304362,0.5714285714285714,increase,0.014813499635471128,0.4634322591649508,7,4
CTSG,4,6,ECM Regulators,Matrisome-associated,3.3155847572913824,0.47727227547703377,0.5,mixed,0.001990362362658593,0.5786411406333495,6,4
MGP,3,5,ECM Glycoproteins,Core matrisome,3.1058745247266866,0.45503319945998666,0.6,decrease,0.17524223978236492,-0.34563671998045187,5,4
LPA,3,4,ECM Regulators,Matrisome-associated,2.7664829164758897,0.5150255668440028,1.0,increase,0.15092468810244697,1.9622467278474036,4,5
ANXA3,3,4,ECM-affiliated Proteins,Matrisome-associated,2.659329178627615,0.5505432647491411,0.5,mixed,0.09859179089763226,0.7353371295384147,4,4
DSPP,3,5,ECM Glycoproteins,Core matrisome,2.626695900280888,0.2888924711742988,0.8,decrease,0.0713863067151384,-1.0016489129056156,5,2
SDC2,3,5,ECM-affiliated Proteins,Matrisome-associated,2.831645220542969,0.5151669930576613,0.6,increase,0.06236906056847624,-0.2913384552351701,5,4
FBN2,3,5,ECM Glycoproteins,Core matrisome,3.0433589014211018,0.48183286137340836,1.0,decrease,0.0003259712661125569,-0.43634216203726517,5,5
MMP14,2,3,ECM Regulators,Matrisome-associated,2.3711895694800864,0.42729376707550565,0.6666666666666666,decrease,0.7315992778013203,0.6411890369538925,3,1
ADAM17,2,2,ECM Regulators,Matrisome-associated,1.2134758094531857,0.2570215701468488,1.0,decrease,0.31198892065233685,-1.5205218859540652,2,2
NPNT,3,4,ECM Glycoproteins,Core matrisome,3.3951721726221127,0.45745419081910044,0.8333333333333334,increase,0.32842504401305456,-0.284937791017559,6,5
FBN3,2,2,ECM Glycoproteins,Core matrisome,0.7224349740141893,1.4113682078245524,0.5,mixed,1.0757632137666082,2.758128543065667,2,1
SNED1,2,3,ECM Glycoproteins,Core matrisome,2.371663125555615,0.44608614293296234,0.6666666666666666,decrease,0.7657219222965882,0.5480227391839039,3,1
FLG2,2,3,Secreted Factors,Matrisome-associated,1.815246054455963,0.34233781624445425,1.0,decrease,0.025396420580817147,-0.5309052512698332,3,2
VWA5A,2,2,ECM Glycoproteins,Core matrisome,1.6297749859441892,0.6314727617780022,1.0,increase,0.4973116675109113,1.679308094613389,2,1
ADAM10,2,2,ECM Regulators,Matrisome-associated,1.2457022977513132,0.25623318535226586,0.5,mixed,0.3248010510423489,0.5150043522889857,2,3
MEGF6,2,2,Secreted Factors,Matrisome-associated,1.6263215917965497,0.6397005523963216,1.0,increase,0.5127200843781884,1.756320994522678,2,1
TNFSF13,2,2,Secreted Factors,Matrisome-associated,0.8995623594682949,1.1703461184551314,1.0,decrease,1.0795577390701891,-2.7544902672693117,2,1
PAPLN,3,4,ECM Glycoproteins,Core matrisome,3.8453967582721145,0.3655921072136087,0.875,decrease,0.06141880174600933,-0.2578231238275471,8,5
MMP1,2,2,ECM Regulators,Matrisome-associated,1.4947651228793692,0.24682681165352097,1.0,decrease,0.00653914569614128,-0.20334076825637978,2,2
CSTB,5,6,ECM Regulators,Matrisome-associated,3.3598988398577343,0.49398607111867304,0.6666666666666666,increase,0.15078620503378232,0.2307790253987195,6,4
SERPINB2,2,2,ECM Regulators,Matrisome-associated,0.7270145563275034,1.2463509027617814,1.0,decrease,1.0877180520087264,-2.9809275643880704,2,1
ELANE,3,4,ECM Regulators,Matrisome-associated,2.710895856592658,0.2220217470211023,0.5,mixed,0.23523109647132245,0.05836567622445393,4,3
MMP12,3,4,ECM Regulators,Matrisome-associated,2.6693125132135886,0.5417738220623001,0.5,mixed,0.06009106891490712,0.029437572970559267,4,4
FGF2,2,3,Secreted Factors,Matrisome-associated,2.089237170615259,0.3615985715376675,0.6666666666666666,increase,0.0532812774520382,0.33827932817506384,3,3
PRG2,3,4,Proteoglycans,Core matrisome,2.632425459958223,0.5817678017521407,0.5,mixed,0.0007132878029915135,0.020743707336274647,4,4
MMP9,3,4,ECM Regulators,Matrisome-associated,2.5673164095330554,0.2898448689657403,1.0,decrease,0.00888179572726483,-0.518176611248695,4,2
SDC1,3,4,ECM-affiliated Proteins,Matrisome-associated,2.683915335954555,0.20495704247290752,0.5,mixed,0.1896136018999287,0.07715253462120308,4,3
COL8A2,2,3,Collagens,Core matrisome,2.1576732320837997,0.22683832270959825,0.6666666666666666,decrease,0.19315161140533904,-0.8369093711176511,3,3
COL5A3,4,5,Collagens,Core matrisome,3.065169343109998,0.448412100472534,0.6,decrease,0.06469361998207401,0.1194944743899297,5,4
SERPINB8,3,3,ECM Regulators,Matrisome-associated,2.653886234623969,0.6087119639369609,0.75,decrease,0.18403159048145235,0.18898650684425028,4,4
SERPINB9,3,3,ECM Regulators,Matrisome-associated,2.343686516153224,0.4822230562716723,0.6666666666666666,decrease,0.7573026873615502,-1.1552865804857153,3,1
HCFC1,3,3,Secreted Factors,Matrisome-associated,2.1447459398510524,0.6735109248294714,0.6666666666666666,decrease,0.18091235244611015,0.3340595150009493,3,4
CTSC,3,4,ECM Regulators,Matrisome-associated,2.7643809423981103,0.4833917638035583,0.5,mixed,0.3098606434264861,0.2382473702745755,4,4
INHBC,2,3,Secreted Factors,Matrisome-associated,1.6614234180643743,0.4019481183690109,0.6666666666666666,increase,0.4579440225903334,1.0812821112762938,3,1
S100A12,2,2,Secreted Factors,Matrisome-associated,1.3282339554410436,0.25341633780903866,1.0,increase,0.2784310559911644,1.493886806547077,2,2
COL10A1,3,4,Collagens,Core matrisome,2.8268749615872433,0.3978892051516325,0.75,decrease,0.6164951124184703,-0.33444599398395153,4,1
TGM3,4,5,ECM Regulators,Matrisome-associated,3.0322016820076043,0.5113560845674209,1.0,decrease,0.1834330186206451,-1.1526166602450754,5,5
FGL1,2,3,ECM Glycoproteins,Core matrisome,1.7079828449273573,0.4744878360042308,1.0,increase,0.44662702611899974,2.5776808572860888,3,1
MMRN1,2,2,ECM Glycoproteins,Core matrisome,1.9999999999942293,0.0,1.0,decrease,0.0,-0.2451492060692582,2,2
FGL2,3,4,ECM Glycoproteins,Core matrisome,2.620009425082295,0.6186706718294184,0.75,increase,0.309283380662666,1.0309601896885119,4,4
GAS6,2,2,ECM Glycoproteins,Core matrisome,1.1423536387787177,0.30334574538811654,0.5,mixed,0.37498325957076467,0.7889806007647608,2,3
SPARCL1,2,2,ECM Glycoproteins,Core matrisome,1.1606423071961545,0.26272249735597597,0.5,mixed,0.32875021920705766,0.7988112026956196,2,3
C17orf58,2,2,ECM Regulators,Matrisome-associated,1.6399341081515122,0.5842741083724043,0.5,mixed,1.0119924412480088,0.4547569653364958,2,1
ADAMTSL4,3,4,ECM Regulators,Matrisome-associated,2.7273580409006652,0.5531183644072647,1.0,increase,0.2995899541056142,0.7569774376039593,4,5
THSD4,4,5,ECM Glycoproteins,Core matrisome,3.157355164865857,0.39716675567106186,0.8,increase,0.07887779462766648,1.0305222275343153,5,2
PODN,2,2,Proteoglycans,Core matrisome,1.2602601378601535,0.8988558883660095,0.5,mixed,0.045220165621103314,0.07571528256195156,2,4
CLEC14A,2,2,ECM-affiliated Proteins,Matrisome-associated,1.3857189540979153,0.23989925898811298,0.5,mixed,0.31210410150459766,0.012360289158852789,2,3
P3H3,2,2,ECM Regulators,Matrisome-associated,1.6274778148737679,0.6318048556509497,1.0,increase,0.497926989671091,1.7300226353118084,2,1
SBSPON,3,4,ECM Glycoproteins,Core matrisome,2.6622399741154643,0.5447389525865067,0.75,decrease,0.03202204029693445,-0.399387159634981,4,4
COL22A1,2,3,Collagens,Core matrisome,2.449005777726546,0.04267413276774145,0.6666666666666666,increase,0.04011985982670068,-0.06616088384719275,3,2
S100A16,5,6,Secreted Factors,Matrisome-associated,3.3561394610508817,0.4784599725330118,0.5,mixed,0.17060149329022745,0.4304960829177933,6,4
SFRP2,2,2,Secreted Factors,Matrisome-associated,1.2546683269746737,0.9343352313749536,0.5,mixed,0.004624215915086216,-0.15789826655014888,2,4
MMP19,2,2,ECM Regulators,Matrisome-associated,1.9999999999942293,0.0,1.0,decrease,0.0,-0.2451492060692582,2,2
C1QTNF7,2,2,ECM-affiliated Proteins,Matrisome-associated,1.6286056760134617,0.616114361179469,0.5,mixed,1.0671413768356823,-1.0376749962118272,2,1
EMILIN2,4,5,ECM Glycoproteins,Core matrisome,3.0626573804883717,0.47251968808725126,0.6,decrease,0.1265672096033969,0.2899066862550555,5,4
PRG3,3,4,Proteoglycans,Core matrisome,2.7806488903631146,0.4653716525707118,0.5,mixed,0.01401649422835799,-0.08255345132201986,4,4
Fn1,6,10,ECM Glycoproteins,Core matrisome,4.1693681179286255,0.3269465410140635,0.6666666666666666,decrease,0.007734935084601324,-0.34942284408616087,12,5
Hrg,4,4,ECM Regulators,Matrisome-associated,2.4858898449694644,0.25526218500832804,1.0,increase,0.006694804435626478,1.0102553605975628,4,2
Serpina1c,3,4,ECM Regulators,Matrisome-associated,2.7279408597980934,0.14589418779998975,0.75,increase,0.007585835680615244,0.4430383272860534,4,2
Tgfbi,6,9,ECM Glycoproteins,Core matrisome,3.648683606328706,0.30893573745511294,0.5555555555555556,increase,0.0017193050399714749,0.23329363763070596,9,3
Agrn,6,8,ECM Glycoproteins,Core matrisome,3.6574829390761185,0.3585776316709795,0.6666666666666666,increase,0.03075104184271349,-0.668799930671619,9,3
Col6a4,2,2,Collagens,Core matrisome,1.3908638998666312,0.13190855514585414,0.5,mixed,0.17781448877645856,-1.5900299410526155,2,3
Srpx,2,2,ECM Glycoproteins,Core matrisome,1.5706669855391522,0.20897686021119397,1.0,increase,0.023238730117787182,0.8948945866420248,2,2
Col6a5,3,3,Collagens,Core matrisome,2.272773874646535,0.20850095263033983,0.6666666666666666,increase,0.03298979687018902,0.5397036913511525,3,3
Mmrn2,5,7,ECM Glycoproteins,Core matrisome,3.433496588272643,0.31858970197890313,0.8571428571428571,decrease,0.0046254320004140426,-0.3054434746480406,7,5
Aspn,5,8,Proteoglycans,Core matrisome,3.4541788498255803,0.30075191061241235,0.75,increase,0.02507790495263751,1.1094945665905063,8,5
Creld1,3,4,ECM Glycoproteins,Core matrisome,2.7215464045937736,0.13375964072591304,0.75,decrease,0.002217423340998864,-0.3478449209113613,4,2
Fbln1,5,8,ECM Glycoproteins,Core matrisome,3.3507720423615694,0.28988137486869026,0.75,decrease,0.0031280930384436356,-0.38577894529736945,8,5
Mmrn1,3,3,ECM Glycoproteins,Core matrisome,1.770867997493682,0.35199112591755216,0.6666666666666666,increase,0.01209375504646043,0.42861432630461826,3,3
Plxnb2,5,6,ECM-affiliated Proteins,Matrisome-associated,3.2745561869382978,0.21412805946880611,0.8333333333333334,decrease,0.0003652221971225389,-0.2572427594804253,6,2
Col14a1,4,7,Collagens,Core matrisome,3.2687596811373627,0.34779279216105796,1.0,decrease,0.02294973638011716,-2.6516111811577305,7,2
Hmcn1,2,2,ECM Glycoproteins,Core matrisome,1.3359918749585826,0.39322770590542666,1.0,decrease,0.0050788924519328815,-0.44610175827362364,2,2
Mfap5,3,3,ECM Glycoproteins,Core matrisome,1.8470751895014375,0.3062292765266275,0.6666666666666666,decrease,0.06559962649043838,-0.1322443252383352,3,3
Cilp2,3,4,ECM Glycoproteins,Core matrisome,2.250848124697459,0.2773078564921962,0.75,decrease,0.3184862571230778,-2.2288688561591923,4,3
Fga,6,10,ECM Glycoproteins,Core matrisome,3.811763224590488,0.3130294409949987,0.5,mixed,0.009439404597852197,-0.053437073333147046,10,3
Itih4,5,8,ECM Regulators,Matrisome-associated,3.4918590949190467,0.2926601657996278,0.75,increase,0.004176535427377892,0.4104434518925762,8,5
Itih3,5,9,ECM Regulators,Matrisome-associated,3.574631139153217,0.29394191153252613,1.0,increase,0.015159812174002585,1.034407492226555,9,5
Col6a3,3,4,Collagens,Core matrisome,2.6804317390731165,0.17330454121636713,0.75,increase,0.004041347488751262,0.24768259907346601,4,2
Hspg2,5,6,Proteoglycans,Core matrisome,3.2826165003289365,0.3253217003955766,0.7142857142857143,increase,0.00608510840517551,0.2578038420136317,7,3
Ltbp4,5,6,ECM Glycoproteins,Core matrisome,3.173419025433475,0.3147745125554611,1.0,decrease,0.0024332214374301886,-1.1586248775202577,6,2
Col18a1,6,9,Collagens,Core matrisome,3.664529762971409,0.31625930420187903,0.7777777777777778,increase,0.007437861030883508,0.2239023854333428,9,5
Matn4,2,3,ECM Glycoproteins,Core matrisome,2.5396894463479196,0.018073970205557514,1.0,decrease,0.010129196269633253,-1.1739911695989254,3,2
Lamc1,5,6,ECM Glycoproteins,Core matrisome,3.3193498411082465,0.3126005602787009,0.5714285714285714,increase,0.0004355476854954743,0.21008853201834674,7,3
Anxa6,5,6,ECM-affiliated Proteins,Matrisome-associated,3.9129803221931305,0.22310353879889483,0.8888888888888888,decrease,0.0005439487917569263,-0.33497757912976883,9,5
Itih1,6,9,ECM Regulators,Matrisome-associated,3.6001696201086917,0.28022607601592353,0.7777777777777778,increase,0.01637814439669988,0.7416895413466553,9,5
Serpina3n,5,6,ECM Regulators,Matrisome-associated,3.229622937566001,0.30628779013723023,1.0,increase,0.001071423129778648,0.9177994255056658,6,2
Tinagl1,6,10,ECM Glycoproteins,Core matrisome,3.864137141756861,0.36421052230474954,0.5,mixed,0.003598342708291735,0.2580258143596661,10,3
Cxcl12,2,2,Secreted Factors,Matrisome-associated,1.4869684935741192,0.2729655313657841,1.0,increase,0.0009158902451605888,1.0549736935774965,2,2
Angpt1,2,2,Secreted Factors,Matrisome-associated,1.47144387437964,0.2607943328696058,1.0,increase,0.00574269435379865,0.4146400709169831,2,2
Lgals9,5,5,ECM-affiliated Proteins,Matrisome-associated,2.6307163424370854,0.33564574318334206,1.0,decrease,0.010615428342802713,-0.7080981290181987,5,2
Kng1,6,10,ECM Regulators,Matrisome-associated,3.760623028792992,0.2865597513310766,0.8,increase,0.007282352663503355,0.5567139886854192,10,5
Serpinb9,3,4,ECM Regulators,Matrisome-associated,2.7145184756610163,0.1904113381509981,0.5,mixed,9.784872817497625e-05,-0.11379450189947934,4,3
Serpinb8,5,6,ECM Regulators,Matrisome-associated,3.828879152590444,0.26202686516263446,0.5555555555555556,decrease,0.0019619347865290626,-0.07657160372485718,9,3
Serpinb6b,2,2,ECM Regulators,Matrisome-associated,1.3822418601527189,0.28736341679239086,1.0,decrease,0.0025106048362267264,-0.200525994565627,2,2
Ltbp2,2,2,ECM Glycoproteins,Core matrisome,1.3801245399616142,0.3098864008364792,1.0,decrease,0.03938383628000253,-0.5653737184392286,2,2
Ntn1,3,3,ECM Glycoproteins,Core matrisome,1.7212164200099447,0.3256079917699938,0.6666666666666666,increase,0.004732414535063678,-0.12021549323384995,3,3
Col15a1,5,8,Collagens,Core matrisome,3.4513409162692925,0.2492409871767655,0.75,decrease,0.011663981737672191,-0.5581864982392135,8,5
Tnxb,2,2,ECM Glycoproteins,Core matrisome,1.4667923067467226,0.24666212369784402,0.5,mixed,0.030240613230358815,0.6217311587416711,2,3
Adam10,5,7,ECM Regulators,Matrisome-associated,3.4001111552880237,0.27866289530560345,0.8571428571428571,increase,0.0054596398027665916,0.17462933801490715,7,5
Anxa3,4,5,ECM-affiliated Proteins,Matrisome-associated,2.9632287900820384,0.16788325045910565,0.6,increase,0.009469920085305755,-0.3147180198226109,5,3
Sdc4,2,3,ECM-affiliated Proteins,Matrisome-associated,2.466036229664134,0.056450976177295956,0.6666666666666666,increase,0.07930152095966694,0.7565739640152662,3,2
Il16,4,4,Secreted Factors,Matrisome-associated,2.581061599168303,0.27379781124883734,1.0,decrease,0.0039222724977880374,-0.656107127932238,4,2
Col5a1,5,7,Collagens,Core matrisome,3.304443398545069,0.3004382353710814,0.5714285714285714,decrease,0.002266554821608313,-0.15507590623198306,7,3
Nid2,6,10,ECM Glycoproteins,Core matrisome,3.770604187663846,0.34830683295856846,0.7,decrease,3.2947040725483934e-05,-0.18200941721505842,10,3
Col4a1,6,10,Collagens,Core matrisome,3.7426217178149925,0.3165921216784805,0.9,increase,0.0044938966788673484,0.762051764600279,10,5
Lamb1,6,10,ECM Glycoproteins,Core matrisome,3.7884252724759993,0.3197777884310642,0.9,decrease,0.004906783349551913,-0.7982595332371115,10,5
Ctsl,5,9,ECM Regulators,Matrisome-associated,3.6302814158722323,0.3022941388813189,0.6666666666666666,decrease,0.0034772465714507095,-0.1141842016850019,9,3
S100a4,3,4,Secreted Factors,Matrisome-associated,2.771365242456823,0.13917127518482775,0.75,increase,0.019374673071532428,0.5323429411636919,4,2
Anxa2,6,10,ECM-affiliated Proteins,Matrisome-associated,3.799675365793078,0.3295590252831606,0.6,decrease,0.009812630182712945,-0.34003597520674,10,3
Serpina1a,3,6,ECM Regulators,Matrisome-associated,3.057297180607975,0.23358219473655975,0.8333333333333334,increase,0.008780964074366349,0.6090629717689509,6,2
Col3a1,6,10,Collagens,Core matrisome,3.7533293269361594,0.3083840773139285,0.6,decrease,0.004880134487912191,-0.42925813213609276,10,3
Col4a2,6,10,Collagens,Core matrisome,3.713437256551602,0.36458478289547663,0.9,increase,0.0016654548997668828,0.5774076605494791,10,5
S100a10,5,6,Secreted Factors,Matrisome-associated,3.2608792661405888,0.2175940683774093,0.6666666666666666,decrease,0.0022631269092699413,0.22492636255755438,6,3
Anxa1,6,10,ECM-affiliated Proteins,Matrisome-associated,3.745498247849786,0.3305512413182202,0.5,mixed,0.005757143647185159,-0.18740128052358668,10,3
Nid1,6,10,ECM Glycoproteins,Core matrisome,3.7409784515629267,0.3444961505921374,0.6,decrease,0.002254415115790942,-0.03169844046383433,10,3
Ctsb,6,10,ECM Regulators,Matrisome-associated,3.843946484737892,0.329149310763665,0.8,increase,0.017749465099368367,0.7317354357742566,10,5
Col1a1,6,10,Collagens,Core matrisome,3.6134421335743494,0.3659114444607616,0.5,mixed,0.005166182277761999,0.052133514638781596,10,3
S100a6,5,6,Secreted Factors,Matrisome-associated,3.3049488495951405,0.2070638267813627,1.0,increase,0.006042785704266501,0.9540706737430652,6,2
Fgf2,3,3,Secreted Factors,Matrisome-associated,1.967737779239664,0.3555881353007178,0.6666666666666666,decrease,0.016125305851659333,-0.1092380566503377,3,3
Lgals1,6,10,ECM-affiliated Proteins,Matrisome-associated,3.8079402596559615,0.3037553970851014,0.8,increase,0.003668023486106453,0.30636033085993863,10,5
Lgals3,3,3,ECM-affiliated Proteins,Matrisome-associated,2.0642781628696243,0.2591507962156222,1.0,increase,0.008446115638212626,0.3967653295614146,3,2
Ctsd,6,10,ECM Regulators,Matrisome-associated,3.784754431503445,0.30614471196761894,1.0,increase,0.016059198857628243,0.9926581107185741,10,5
Sdc1,2,2,ECM-affiliated Proteins,Matrisome-associated,1.4469982825609173,0.31135005041660113,1.0,increase,0.013620495852259218,0.5162074275505192,2,2
Lama1,3,4,ECM Glycoproteins,Core matrisome,2.7847731564725713,0.11497190775522778,0.75,increase,0.007193352027434083,0.34685592278277155,4,2
Serpinh1,6,10,ECM Regulators,Matrisome-associated,3.833741632607097,0.32941393109552874,1.0,decrease,0.02004012446643627,-1.4757427327153854,10,5
Cst3,5,9,ECM Regulators,Matrisome-associated,3.536846902132564,0.3620395839971749,0.7777777777777778,decrease,0.003677207011860306,-0.0950517960424651,9,5
Mfge8,6,10,ECM Glycoproteins,Core matrisome,3.794302005514326,0.29742938658959656,0.9,increase,0.00104506057783893,1.0243584489401156,10,5
Tgm2,6,10,ECM Regulators,Matrisome-associated,3.795638119866181,0.32954295941324696,0.6,increase,0.0004311748556611317,0.06667051757023254,10,3
Dcn,6,10,Proteoglycans,Core matrisome,3.6695004948152206,0.28590992222017986,0.5,mixed,0.005598915883092137,0.007178220055616957,10,3
Vtn,5,8,ECM Glycoproteins,Core matrisome,3.369689296136297,0.34020901168077367,0.875,increase,0.008644453504326022,0.48431311033399216,8,5
S100a9,4,6,Secreted Factors,Matrisome-associated,3.1914555155782733,0.3491015789972665,0.5,mixed,0.009181184065199632,0.09483278285963918,6,3
Serpinc1,6,10,ECM Regulators,Matrisome-associated,3.7199360247260955,0.32089556790773627,0.9,increase,0.003213292095451792,0.3994665563276918,10,5
Fbln2,4,7,ECM Glycoproteins,Core matrisome,3.2403298501864937,0.32106386435822787,0.5714285714285714,decrease,0.007656534742784216,-0.26355906862167383,7,3
Mbl1,4,4,ECM-affiliated Proteins,Matrisome-associated,2.469904585354421,0.21562160286879045,0.5,mixed,0.018478845028214147,0.2943122178956611,4,3
Igfbp6,2,3,ECM Glycoproteins,Core matrisome,2.5470426828121964,0.015255844107445595,0.6666666666666666,increase,0.011668299398801483,-0.2525549959086188,3,2
Anxa5,6,10,ECM-affiliated Proteins,Matrisome-associated,3.7103231509505075,0.34839938346592514,0.5,mixed,0.003099297333550799,0.0884504902704861,10,3
Serpind1,3,6,ECM Regulators,Matrisome-associated,3.077277695404123,0.2660102223690101,0.8333333333333334,increase,0.0019277452408645313,0.0800208084858171,6,2
Ctsh,5,8,ECM Regulators,Matrisome-associated,3.580007949582966,0.2698574948712124,0.5,mixed,0.003010418542616744,0.03493954069076316,8,3
S100a11,5,6,Secreted Factors,Matrisome-associated,3.236887441422354,0.2314871148756029,0.6666666666666666,increase,0.000332321163017707,-0.021217761157340264,6,3
Fmod,3,7,Proteoglycans,Core matrisome,3.2888232192003986,0.25428595381097086,0.5714285714285714,decrease,0.03919786741277301,-0.9776332446082289,7,3
Gpc4,4,7,ECM-affiliated Proteins,Matrisome-associated,3.249465959422537,0.33189364931481574,0.7142857142857143,decrease,0.0023852413731008104,-0.11163371979414803,7,3
Lum,6,10,Proteoglycans,Core matrisome,3.751250798930235,0.30242007945202004,0.7,increase,0.0017901815158332113,0.28664545869506697,10,3
Loxl2,4,4,ECM Regulators,Matrisome-associated,2.4379652033950907,0.35067413656312624,0.75,decrease,0.026907011682587467,-0.13516247718455188,4,2
Fgf1,4,6,Secreted Factors,Matrisome-associated,3.1827591128518216,0.244977430424922,0.6666666666666666,decrease,0.002167377744761112,-0.34787877985867866,6,3
Plxna1,4,5,ECM-affiliated Proteins,Matrisome-associated,3.0195874526252995,0.2525109267471686,0.8,decrease,0.0033837431164328025,-0.2763927610066396,5,2
Sparcl1,5,7,ECM Glycoproteins,Core matrisome,3.3010608885642627,0.3699873324366023,0.7142857142857143,decrease,0.014351912796573996,-0.41685211436480946,7,3
Ccl21c,2,2,Secreted Factors,Matrisome-associated,1.7956630817876764,0.05183889859844458,1.0,decrease,0.004070945751758585,-0.15361307205078334,2,2
Serping1,3,5,ECM Regulators,Matrisome-associated,2.475021881667968,0.3413819154201494,0.8,decrease,0.02185370143839893,-0.09598912314971207,5,2
Serpinf1,4,8,ECM Regulators,Matrisome-associated,3.588632135920811,0.22309418546444565,0.875,decrease,0.03103999163396176,-1.5478901988219966,8,5
S100a13,4,5,Secreted Factors,Matrisome-associated,3.050174038885354,0.19934789283146095,0.6,decrease,0.00935992130950658,0.11557306491616166,5,3
Anxa11,5,6,ECM-affiliated Proteins,Matrisome-associated,3.294842106472766,0.21084423197545682,0.8333333333333334,decrease,0.004154489156104307,-0.33112030648209234,6,2
Anxa4,5,6,ECM-affiliated Proteins,Matrisome-associated,3.328418879815608,0.23134362655304025,0.6666666666666666,increase,0.00418901922782583,0.2132217722613214,6,3
S100g,2,3,Secreted Factors,Matrisome-associated,2.2511619378202115,0.06893350698098769,1.0,decrease,0.011641803122179328,-0.25001993561084185,3,2
Ctsc,4,6,ECM Regulators,Matrisome-associated,2.886838449310872,0.31870199025587703,0.6666666666666666,decrease,0.0041590498602792625,-0.020444506894646164,6,3
Loxl1,2,2,ECM Regulators,Matrisome-associated,1.389314508600091,0.34263741309251466,0.5,mixed,0.024571357112166126,0.11016883298225363,2,3
Lama4,6,10,ECM Glycoproteins,Core matrisome,3.8263538319337003,0.3280174907363289,0.8,decrease,0.002151496764256855,-0.3839153603937535,10,5
Serpina1d,5,9,ECM Regulators,Matrisome-associated,3.5742603259260313,0.3163533776537742,0.6666666666666666,increase,0.009743772572699705,0.055383311793110276,9,3
Serpina1e,4,8,ECM Regulators,Matrisome-associated,3.531603915075154,0.26335290224302155,0.875,decrease,0.055852939663404294,-0.6049961745559262,8,5
Col1a2,6,10,Collagens,Core matrisome,3.7197674681962796,0.3559296593231572,0.6,increase,0.006435251120329222,0.32448236161469385,10,3
C1qc,3,4,ECM-affiliated Proteins,Matrisome-associated,2.717449751472503,0.26577838427032036,0.5,mixed,0.01076171784795199,-0.054775572947831336,4,3
Col6a2,6,10,Collagens,Core matrisome,3.697244102485639,0.3175867311318139,0.8,increase,0.0010058597549643111,0.36158091812982945,10,5
Serpina3m,3,6,ECM Regulators,Matrisome-associated,2.943207333811623,0.3027596122215912,1.0,increase,0.0023947599931095076,0.5018321976129781,6,2
Col6a1,6,10,Collagens,Core matrisome,3.708166020342653,0.33565693550216635,0.8,increase,0.001540003996347683,0.40254706184945954,10,5
Thbs3,2,2,ECM Glycoproteins,Core matrisome,1.4722881860462196,0.24642118393266008,1.0,decrease,0.0040775430884902875,-0.5374054060057665,2,2
Anxa7,5,6,ECM-affiliated Proteins,Matrisome-associated,3.284974935918675,0.22873182395668737,0.8333333333333334,decrease,0.002091119249870793,-0.3825393208325645,6,2
Igfbp5,3,6,ECM Glycoproteins,Core matrisome,2.918613277259635,0.311783278294325,0.8333333333333334,increase,0.004575153687796374,0.39718161232276344,6,2
Ambp,5,7,ECM Regulators,Matrisome-associated,3.0615439421670336,0.31579202142300433,1.0,increase,0.011552943240147329,1.0735254762742323,7,2
F13b,4,5,ECM Regulators,Matrisome-associated,2.737172296750017,0.27610650855019575,0.6,decrease,0.21904254904896706,1.0070343763841292,5,3
Vwf,4,5,ECM Glycoproteins,Core matrisome,2.8415776562694215,0.29851597460280654,0.6,decrease,0.0014323105089877886,-0.12130479564507654,5,3
Serpina1b,5,9,ECM Regulators,Matrisome-associated,3.687218539596388,0.26505699880523476,0.7777777777777778,increase,0.004062623033269042,0.4696356323840997,9,5
Bgn,6,10,Proteoglycans,Core matrisome,3.9054639205664974,0.3092512228950057,1.0,increase,0.0010932114636930113,0.5967361170109575,11,5
Serpinb9b,2,3,ECM Regulators,Matrisome-associated,2.566076593699506,0.008089649593674508,1.0,increase,0.007191499006222284,0.42920656756861636,3,2
Thbs1,4,4,ECM Glycoproteins,Core matrisome,2.4002821475696114,0.31587571137297044,0.75,increase,0.012373321542465843,0.29758628414934407,4,2
S100a16,3,4,Secreted Factors,Matrisome-associated,2.747691103603274,0.20794774076592806,0.5,mixed,0.017673534194616758,0.22511771326097352,4,3
Chad,2,4,Proteoglycans,Core matrisome,2.218776253114931,0.3689920281707416,0.75,decrease,0.0354602219260341,-1.0053814300127413,4,2
Igfbp7,4,5,ECM Glycoproteins,Core matrisome,3.026198964846806,0.22004580184487885,1.0,decrease,0.008139677945220802,-0.499369835319799,5,2
Postn,5,8,ECM Glycoproteins,Core matrisome,3.5459872466067117,0.3725693662035509,0.6666666666666666,decrease,0.014305179609179375,-0.5411457506656991,9,3
Col5a2,5,8,Collagens,Core matrisome,3.4700686561779026,0.2897844818445348,0.5,mixed,0.009310445591098726,0.0327938148113906,8,3
Ctss,4,5,ECM Regulators,Matrisome-associated,3.0125383302748743,0.3140491006801462,1.0,increase,0.017784573438970608,0.8249584082967842,5,2
Plod1,3,3,ECM Regulators,Matrisome-associated,1.8631309553844682,0.2738242070373281,1.0,decrease,0.005936539885158076,-0.6435992631713231,3,2
Mmp2,3,3,ECM Regulators,Matrisome-associated,1.745838845258756,0.34875518117392323,1.0,decrease,0.007741415642229521,-0.1424882231952951,3,2
Slit3,2,2,ECM Glycoproteins,Core matrisome,1.626500899359816,0.10416496226296112,1.0,decrease,0.0021868145775187364,-0.3753506983197748,2,2
Pxdn,5,7,ECM Glycoproteins,Core matrisome,3.250051746065313,0.3294604701286546,0.8571428571428571,decrease,0.019793922140711184,-0.9891444926187368,7,5
Lama3,4,5,ECM Glycoproteins,Core matrisome,3.153710299968742,0.291563435628423,0.5,mixed,0.001452370504752054,-0.03385043347075889,6,3
S100b,2,3,Secreted Factors,Matrisome-associated,2.2486641403036405,0.13252951689379708,1.0,increase,0.005534313171297878,0.45974684866728377,3,2
Plg,5,8,ECM Regulators,Matrisome-associated,3.4106599277701974,0.2886099600108361,0.625,increase,0.004789930768462014,0.08159737808643835,8,3
F13a1,5,9,ECM Regulators,Matrisome-associated,3.6526384895664137,0.2859614173099733,0.6666666666666666,decrease,0.015519422577770725,-0.24720300093791764,9,3
Wnt4,2,2,Secreted Factors,Matrisome-associated,1.4988116299459517,0.31763370599017576,1.0,increase,0.05227214807556535,1.0258027097164713,2,2
Serpine2,5,9,ECM Regulators,Matrisome-associated,3.451425678713233,0.3352085872092684,0.7777777777777778,increase,0.004654392395572304,0.2043903440550573,9,5
Prg2,2,3,Proteoglycans,Core matrisome,3.9420683365836497,0.15669876044216566,0.6666666666666666,increase,0.004224977453666234,0.16306617872583756,9,3
Ctsz,5,9,ECM Regulators,Matrisome-associated,3.7065564580211743,0.2923013735761444,0.5555555555555556,increase,0.0024842901904746917,0.11861076251556886,9,3
Sparc,5,9,ECM Glycoproteins,Core matrisome,3.666188373353319,0.32920871615246156,0.8888888888888888,decrease,0.02087118681721406,-1.0243999552660155,9,5
Lama2,6,10,ECM Glycoproteins,Core matrisome,3.7250280443833903,0.3273682814209156,0.5,mixed,0.009345069210403567,0.036874305567191866,10,3
P4ha1,3,4,ECM Regulators,Matrisome-associated,2.7492332847478287,0.16661633177364216,1.0,decrease,0.0025983535256006995,-0.4426960669019274,4,2
Col12a1,5,9,Collagens,Core matrisome,3.590144352325993,0.31804373204960806,0.6666666666666666,increase,0.003094769172642009,0.42388901193999323,9,3
Serpinb6a,6,10,ECM Regulators,Matrisome-associated,3.746424994373019,0.3146735282329161,0.8,increase,0.01576945301948779,0.6672043002207609,10,5
Lama5,6,10,ECM Glycoproteins,Core matrisome,3.762979487925292,0.39474412300680667,0.8,increase,0.002829041399098675,0.41342271663083024,10,5
Hcfc1,5,6,Secreted Factors,Matrisome-associated,3.2999194406292145,0.24319292894703737,0.8333333333333334,decrease,0.004219178118886557,-0.28281258829827355,6,2
Serpinf2,5,8,ECM Regulators,Matrisome-associated,3.3785724776672486,0.2737271294285428,0.625,increase,0.008440875781230261,0.2425644511946584,8,3
Lamb2,6,10,ECM Glycoproteins,Core matrisome,3.685243780136842,0.3724825856620973,1.0,increase,0.0029936361810167234,0.5250820233067846,10,5
Pcolce,5,8,ECM Glycoproteins,Core matrisome,3.4890891642305277,0.2663839882475739,0.875,decrease,0.029621034201674612,-1.9387699744207272,8,5
Ecm1,5,8,ECM Glycoproteins,Core matrisome,3.3906047295646324,0.3307185942644959,0.75,decrease,0.000478174113113794,-0.19460647207416115,8,5
Fbn1,5,8,ECM Glycoproteins,Core matrisome,3.3184949478352457,0.346766824945346,0.625,decrease,0.00029477914020853424,-0.2674247844540447,8,3
Itih2,5,6,ECM Regulators,Matrisome-associated,3.2274029425931423,0.18506884469660007,0.6666666666666666,increase,0.008489673624499733,0.7167602350421474,6,3
A2m,2,3,ECM Regulators,Matrisome-associated,2.237963337589395,0.16036358616580135,1.0,increase,0.0021503642416547675,1.0819594399865347,3,2
Ogn,5,8,Proteoglycans,Core matrisome,3.3569127729274078,0.30879464983743965,0.625,increase,0.0035239573620322595,0.15835913428918968,8,3
Vcan,5,6,Proteoglycans,Core matrisome,3.119796393835261,0.24760452787095877,0.6666666666666666,increase,0.004545110074042402,0.02295306376238888,6,3
Sema3c,2,4,ECM-affiliated Proteins,Matrisome-associated,2.2492027941062736,0.40889869608909757,1.0,increase,0.012041677974179876,1.118024967221209,4,5
Fstl1,2,3,Secreted Factors,Matrisome-associated,2.4761712610553923,0.0316733762443669,0.6666666666666666,decrease,0.0028865970030797494,-0.4297672403133909,3,2
Cstb,5,9,ECM Regulators,Matrisome-associated,3.51897761113713,0.3747536175299811,0.5555555555555556,increase,0.013031557285462514,0.4363320616480055,9,4
Col4a5,2,2,Collagens,Core matrisome,1.5369748706635629,0.13727232361070194,1.0,increase,0.01032597599350868,0.26629104645807133,2,2
Aebp1,3,5,ECM Glycoproteins,Core matrisome,2.6716399342551203,0.31090385140852184,0.8,increase,0.001863410212219252,0.2270921433057127,5,2
Cilp,2,2,ECM Glycoproteins,Core matrisome,1.294973255619043,0.29319948987086003,0.5,mixed,0.38659173910188255,-2.161245338017798,2,3
Podn,2,3,Proteoglycans,Core matrisome,1.815269708888138,0.4143237722565008,1.0,decrease,0.004594503813378947,-0.2439569595606648,3,2
Adamtsl4,3,3,ECM Regulators,Matrisome-associated,1.9017877562717906,0.27212236911077026,1.0,decrease,0.29936625776017617,-2.200776849154454,3,2
Tnc,4,8,ECM Glycoproteins,Core matrisome,3.7400605132834692,0.30215826860611683,0.7777777777777778,decrease,0.001905326978762889,-0.7162475815410873,9,5
Itih5,6,9,ECM Regulators,Matrisome-associated,3.7144549776750404,0.27518566954172424,0.5555555555555556,decrease,0.0009042046157788919,-0.03740416762687701,9,3
Adamtsl1,2,2,ECM Regulators,Matrisome-associated,1.3747389350425139,0.33816649900919,0.5,mixed,0.003417203783759315,-0.0014652833168314963,2,3
Efemp1,5,7,ECM Glycoproteins,Core matrisome,3.214019388666568,0.3217219894647397,0.7142857142857143,decrease,0.021162677619948667,-0.4168294321683277,7,3
Adipoq,3,6,ECM Glycoproteins,Core matrisome,2.920262304348339,0.3138306836240703,1.0,decrease,0.007334999571871115,-0.3154157038676924,6,2
Clec1a,2,2,ECM-affiliated Proteins,Matrisome-associated,1.4437436421874852,0.249156703329323,0.5,mixed,0.000806613360100461,-0.004181395863026405,2,3
Col6a6,5,8,Collagens,Core matrisome,3.504173340095077,0.25008513689317885,0.625,decrease,0.030922077450536656,-0.1072649330184065,8,3
Prelp,6,10,Proteoglycans,Core matrisome,3.756239067137696,0.29690676743515354,0.8,increase,0.004686532295380352,0.23917707071065736,10,5
Ltbp1,5,6,ECM Glycoproteins,Core matrisome,2.9251415953264504,0.3691397049469935,0.5,mixed,0.002001184913185128,-0.17796432016958552,6,3
Plxnb1,4,5,ECM-affiliated Proteins,Matrisome-associated,3.0346709618905052,0.24223918799202782,0.6,decrease,0.007808725867164745,0.04246535185490771,5,3
Fgb,6,10,ECM Glycoproteins,Core matrisome,3.78757318613973,0.3346010737409446,0.6,increase,0.007628414874482126,0.04804072534674626,10,3
Emilin2,4,4,ECM Glycoproteins,Core matrisome,2.514767122081534,0.285251307830023,1.0,decrease,0.0010504356776607215,-0.5087177297527141,4,2
Colec12,4,4,ECM-affiliated Proteins,Matrisome-associated,2.4900827376491157,0.23806214732301814,0.75,decrease,0.0013851683360004419,-0.2259227086932108,4,2
Srpx2,2,2,ECM Glycoproteins,Core matrisome,1.4956220443276202,0.22281088741855534,1.0,increase,0.011477488460935603,0.1158939108425327,2,2
Vwa1,6,10,ECM Glycoproteins,Core matrisome,3.822104804179006,0.3138287004871747,0.7,increase,0.002690542777136873,0.1094334334490823,10,3
Vwa9,2,2,ECM Glycoproteins,Core matrisome,1.4477195692016434,0.423624587505662,0.5,mixed,0.07242904538044403,-1.1739038838755163,2,3
Pcolce2,2,2,ECM Glycoproteins,Core matrisome,1.4508363323785312,0.27980186499107246,1.0,increase,0.0023860391828395833,0.4896213746512889,2,2
Spon1,4,5,ECM Glycoproteins,Core matrisome,3.066603509383946,0.2388601391668573,0.6,decrease,0.005051186964325327,-0.12518938577165023,5,3
Fgg,6,10,ECM Glycoproteins,Core matrisome,3.834931789279566,0.28999444238931915,0.5,mixed,0.010895853884438034,0.6306733990900165,10,3
Lgalsl,3,4,ECM-affiliated Proteins,Matrisome-associated,2.714291874204144,0.1480724333063158,0.5,mixed,0.0014989837753004442,-0.03382607488083918,4,3
Mgp,2,2,ECM Glycoproteins,Core matrisome,1.3495252452769346,0.39903192862992914,0.5,mixed,0.017103506499135335,0.11021887260907523,2,3
Cspg4,4,5,ECM-affiliated Proteins,Matrisome-associated,3.0617230855654727,0.1946796719427969,1.0,decrease,0.002656216503005737,-0.4780146265813066,5,2
Npnt,2,2,ECM Glycoproteins,Core matrisome,1.3559753236063172,0.35648831713655327,0.5,mixed,0.01933794385048071,0.14888521696465834,2,3
Masp2,2,2,ECM Regulators,Matrisome-associated,1.993745188181426,0.007685630573860684,1.0,increase,5.9322642726932114e-05,0.02028063752683125,2,2
Serpina6,3,5,ECM Regulators,Matrisome-associated,2.847095882061673,0.2589196269618424,0.6,decrease,0.010050272218028067,0.13078524407659115,5,3
Hpx,4,7,ECM-affiliated Proteins,Matrisome-associated,3.127892889498879,0.3283003718633989,1.0,increase,0.01718226877628226,0.5717938628962703,7,2
Chrdl1,2,3,Secreted Factors,Matrisome-associated,3.097261838635685,0.08097372220783278,0.6,decrease,0.0009944292514478953,-0.6778853223213492,5,3
Emilin1,5,6,ECM Glycoproteins,Core matrisome,2.9649073376579795,0.36111596403538326,1.0,decrease,0.004872569357633916,-0.3551557910740682,6,2
Vwa5a,5,6,ECM Glycoproteins,Core matrisome,3.270209685174143,0.21939519545256214,0.6666666666666666,decrease,0.007807548627418476,-0.1982504571616698,6,3
Creld2,3,4,ECM Glycoproteins,Core matrisome,2.774116681221223,0.12042448381460417,0.75,decrease,0.004371881951659551,-0.18269678778079318,4,2
Lman1,4,5,ECM-affiliated Proteins,Matrisome-associated,3.007478470843009,0.13640993498641865,0.8,decrease,0.003075259862943519,-0.27927057499221547,5,2
Serpinb1a,6,10,ECM Regulators,Matrisome-associated,3.7044434865027926,0.3459384559336799,0.6,decrease,0.0077446363250807115,0.07959033787904465,10,3
Mfap4,4,4,ECM Glycoproteins,Core matrisome,2.4491243028110024,0.41586363420608463,0.5,mixed,0.011177956518620524,0.1906889386135118,4,3
Ctsa,3,4,ECM Regulators,Matrisome-associated,2.781506208272117,0.11487676676606376,0.5,mixed,0.0029928271381650384,0.08617754160052869,4,3
S100a1,3,4,Secreted Factors,Matrisome-associated,2.6961352408060915,0.25780972293792526,0.75,increase,0.0012123982940983602,0.2847241448400665,4,2
Plxdc2,4,5,ECM-affiliated Proteins,Matrisome-associated,3.008120456532384,0.25305878065206255,0.6,decrease,0.004842632290018356,-0.2521753738876362,5,3
Papln,4,5,ECM Glycoproteins,Core matrisome,2.6373591097657925,0.38873186351964323,0.6,increase,0.00013956949897264703,0.2893562150951062,5,3
Eln,4,6,ECM Glycoproteins,Core matrisome,3.0862848209101195,0.35748941714128374,0.6666666666666666,decrease,0.026374524625395357,-1.282423983188581,6,3
Ngly1,5,6,ECM Regulators,Matrisome-associated,3.1636648523918667,0.23783256542268238,0.8333333333333334,decrease,0.001648935883600211,-0.15233597947402586,6,2
Lgals8,3,3,ECM-affiliated Proteins,Matrisome-associated,1.8998176691904227,0.2575699038416273,0.6666666666666666,decrease,0.0006265941641880324,-0.2741751744317127,3,3
Tgm1,2,2,ECM Regulators,Matrisome-associated,1.4519180189103453,0.23638210139800037,1.0,decrease,0.005023075592170412,-0.10546896644568446,2,2
Hapln1,2,3,Proteoglycans,Core matrisome,2.3583466092411074,0.08895762065128193,0.6666666666666666,increase,0.02345406949430988,0.28121470265446796,3,2
Sema7a,3,4,ECM-affiliated Proteins,Matrisome-associated,2.7490409826415347,0.14628992096914378,0.75,decrease,0.004137009692501026,-0.22218330376375783,4,2
Egfl7,2,2,Secreted Factors,Matrisome-associated,1.4263211080185982,0.27343058722285807,1.0,increase,0.004474451236529342,0.24216253462766452,2,2
Col4a4,2,2,Collagens,Core matrisome,1.3872306925672624,0.34604632831316684,1.0,increase,0.000412138225679759,0.5832703641165882,2,2
Col4a3,3,3,Collagens,Core matrisome,1.7935997545127234,0.37729497575533516,1.0,increase,0.006382227944053187,1.1227177808031379,3,2
Dpt,5,8,ECM Glycoproteins,Core matrisome,3.500811462427729,0.29635439867566393,0.625,increase,0.010134655223624,0.23544787797770728,8,3
Angptl2,4,4,Secreted Factors,Matrisome-associated,2.610404300942952,0.28945843696763585,1.0,increase,0.005285507159959069,1.3434952624884187,4,2
Plod3,3,3,ECM Regulators,Matrisome-associated,2.0140071597674103,0.27016302111417817,0.6666666666666666,decrease,0.007372847851671749,-0.38414578895634427,3,3
Htra1,5,6,ECM Regulators,Matrisome-associated,3.1047584029109654,0.23393801968977,0.8333333333333334,increase,0.012573100208960658,1.1203795356915698,6,2
Fbln5,6,9,ECM Glycoproteins,Core matrisome,3.6220176699527515,0.335934340878323,1.0,decrease,0.020863745564704328,-1.4342810127681973,9,5
Adam17,4,4,ECM Regulators,Matrisome-associated,2.422437320189358,0.3529935249090048,0.5,mixed,0.012678412231953928,0.08655787323376672,4,3
Crlf3,3,4,Secreted Factors,Matrisome-associated,2.7434653660966974,0.17051694997066508,0.75,increase,0.000731198277827888,-0.019907251706201473,4,2
Matn2,4,5,ECM Glycoproteins,Core matrisome,2.975940005622256,0.1403976356525063,0.8,decrease,0.0029132122752739964,-0.4098534320242971,5,2
Adam9,4,5,ECM Regulators,Matrisome-associated,2.9928076375219814,0.2878052707701912,0.6,decrease,0.001036652198764032,-0.08585295807595475,5,3
P3h1,2,2,ECM Regulators,Matrisome-associated,1.800492208570536,0.0876977609288657,1.0,decrease,0.027530769416093046,-0.954789382442482,2,2
Clec10a,2,2,ECM-affiliated Proteins,Matrisome-associated,1.9338706899809284,0.036674390544031,1.0,increase,0.0019827098094191697,0.3524555415020009,2,2
Efemp2,2,2,ECM Glycoproteins,Core matrisome,1.6419943510430328,0.17281625211798507,1.0,decrease,0.00853375634650791,-0.2331992010035836,2,2
Fcna,2,2,ECM-affiliated Proteins,Matrisome-associated,1.7593468463215978,0.08759896086766013,0.5,mixed,0.061552228571158024,1.1548217221959673,2,3
Serpina3k,4,5,ECM Regulators,Matrisome-associated,2.7757765659826035,0.2818175991734035,0.8,decrease,0.014414454116694064,-0.19153338098268996,5,2
C1qb,4,5,ECM-affiliated Proteins,Matrisome-associated,2.751916955342525,0.30653451137575294,0.8,increase,0.0042865862876917404,0.511052923402865,5,2
Col2a1,3,6,Collagens,Core matrisome,3.3436051531636513,0.10717925838866885,0.6666666666666666,increase,0.0079705702587234,0.17167969695051885,6,3
Mbl2,4,6,ECM-affiliated Proteins,Matrisome-associated,3.303420018354592,0.1511905089950294,0.6666666666666666,decrease,0.031091537477978243,-0.0903838292621828,6,3
Col11a1,2,3,Collagens,Core matrisome,2.279911180756487,0.14354880678658274,1.0,decrease,0.018738410091261704,-1.0844346843182715,3,2
Fbn2,3,6,ECM Glycoproteins,Core matrisome,3.439303517994067,0.13302802002504127,0.8333333333333334,decrease,0.014788344242219281,-1.977226903703846,6,2
Gas6,2,2,ECM Glycoproteins,Core matrisome,1.9717952623235697,0.021618814858209465,0.5,mixed,0.025311105123271647,0.40338490545023825,2,3
Sfrp1,2,2,Secreted Factors,Matrisome-associated,1.967127659161653,0.024358636999664864,0.5,mixed,0.019205558175561556,0.47857763519112506,2,3
Gpc1,5,9,ECM-affiliated Proteins,Matrisome-associated,3.5397610746528585,0.32153660485408064,0.6666666666666666,decrease,0.008315517923721427,0.021874904438981983,9,3
Ctsf,5,7,ECM Regulators,Matrisome-associated,3.4678107669056786,0.20404823351577336,0.8571428571428571,increase,0.038682418841576166,1.8069586799945832,7,5
Thbs4,4,8,ECM Glycoproteins,Core matrisome,3.5065157837045207,0.21782452251523374,0.5,mixed,0.0008220391891630985,-0.03260966554480678,8,3
Cd109,2,2,ECM Regulators,Matrisome-associated,1.4466128990511784,0.3425554355183383,0.5,mixed,0.0278939339768019,-0.41729164207333386,2,3
Hmcn2,3,5,ECM Glycoproteins,Core matrisome,2.8197297929741887,0.2802460302466029,0.8,decrease,0.0032778773829796326,-0.33034459071610167,5,2
Cpn2,2,3,ECM Regulators,Matrisome-associated,2.3934244008590637,0.08778211976023913,0.6666666666666666,decrease,0.012716226447058443,0.031691508219840264,3,2
Serpina10,2,2,ECM Regulators,Matrisome-associated,1.865351212252501,0.06637925219860544,1.0,increase,0.026211127755452576,0.16664806372934085,2,2
C1qtnf9,2,4,ECM-affiliated Proteins,Matrisome-associated,2.9354005514228323,0.036960640593727064,0.75,increase,0.01608068211749848,-0.05504598430147958,4,2
Pzp,3,6,ECM Regulators,Matrisome-associated,3.5023398257304654,0.050677771143576765,0.6666666666666666,increase,0.008221696905013072,0.17356588923634284,6,3
Lgi1,2,3,ECM Glycoproteins,Core matrisome,2.153332417800019,0.3549830322601015,0.6666666666666666,decrease,0.0023613392917090636,-0.2639043840153517,3,3
Smoc2,2,4,ECM Glycoproteins,Core matrisome,2.8273123879614133,0.09312198104958815,0.75,increase,0.06690818602272448,2.3013965911967067,4,2
C1qa,2,3,ECM-affiliated Proteins,Matrisome-associated,2.1851960247381865,0.32408096770022693,0.6666666666666666,increase,0.02314975475381348,0.8231760080552796,3,3
Fgf13,4,4,Secreted Factors,Matrisome-associated,2.65421726786993,0.1973705950032411,0.5,mixed,0.00896753738506817,-0.3281650940695986,4,3
Dspp,3,4,ECM Glycoproteins,Core matrisome,2.6238184873365524,0.19958680522072053,0.75,decrease,0.006821095853544845,-0.4973313047138722,4,2
Igf2,2,3,Secreted Factors,Matrisome-associated,2.2484041620364867,0.14337158706549047,1.0,decrease,0.00015330454376938363,-0.292101742645236,3,2
Plxnd1,3,4,ECM-affiliated Proteins,Matrisome-associated,2.570875008069261,0.24980215827283755,1.0,decrease,0.0010571170496372906,-0.4050683613018826,4,2
Agt,2,3,ECM Regulators,Matrisome-associated,2.2418680724436704,0.22496499744627596,0.6666666666666666,decrease,0.009296819865098421,-0.16625048873916348,3,3
Sema4b,2,3,ECM-affiliated Proteins,Matrisome-associated,2.2701698830196593,0.14828863544136353,1.0,decrease,0.002527800025720367,-0.31629483843930206,3,2
Egln1,3,4,ECM Regulators,Matrisome-associated,2.5808554876427943,0.19612087153800736,1.0,decrease,0.0003282772954884827,-0.4037542350982092,4,2
Sema3b,2,2,ECM-affiliated Proteins,Matrisome-associated,1.853563818364937,0.060260323219349154,1.0,decrease,0.0060813179723772925,-0.34771588999433456,2,2
Fgl2,2,2,ECM Glycoproteins,Core matrisome,1.9211759886113553,0.036910057796873945,1.0,decrease,0.013637053811983588,-0.8280283250009143,2,2
LOXL1,2,2,ECM Regulators,Matrisome-associated,1.4936543438697294,0.6326167421237467,0.5,mixed,0.0006130857711020843,0.2751789638039226,2,4
S100A7,3,3,Secreted Factors,Matrisome-associated,2.2754807354891406,0.48495783580574214,0.6666666666666666,decrease,0.04445494415499762,-0.1701891470387933,3,4
SERPINB3,2,2,ECM Regulators,Matrisome-associated,1.7245438204085042,0.49401803173262426,0.5,mixed,0.9222455012459232,0.24467044089710907,2,1
CSTA,2,3,ECM Regulators,Matrisome-associated,2.467070947647149,0.07194473207517472,1.0,decrease,0.013442853357636023,-0.4432930720633242,3,2
GDF15,2,3,Secreted Factors,Matrisome-associated,3.2033023410799943,0.13244546005665814,0.8,increase,0.1027128770046337,0.9449377427093768,5,2
NGLY1,2,2,ECM Regulators,Matrisome-associated,1.7138922761849762,0.5210705741907325,0.5,mixed,0.996184114136793,0.010605171773438005,2,1
LGALS8,2,3,ECM-affiliated Proteins,Matrisome-associated,2.3716373198087513,0.10095885960468957,0.6666666666666666,decrease,0.016684380739196855,-0.283454414324582,3,2
SERPINB12,3,4,ECM Regulators,Matrisome-associated,2.8705329302626694,0.2899395124687264,0.75,decrease,0.4083761064825978,-0.4366909088299417,4,1
COL21A1,3,4,Collagens,Core matrisome,2.720127183122899,0.4691888986207326,1.0,decrease,0.018597282274240345,-0.6527780504120997,4,5
LAMB4,2,3,ECM Glycoproteins,Core matrisome,2.1980693046633926,0.5483583351064438,0.6666666666666666,decrease,0.0074912907742265,0.0065160850746451325,3,4
GPC4,2,3,ECM-affiliated Proteins,Matrisome-associated,2.4157552695011484,0.3476504506289463,1.0,increase,0.5235444340283415,0.8382627298297495,3,1
TGM1,2,3,ECM Regulators,Matrisome-associated,2.4074889318153776,0.38101788952984933,0.6666666666666666,increase,0.5585809398596561,0.12365529399152259,3,1
COL4A5,2,3,Collagens,Core matrisome,3.202170306464518,0.30446062804174595,0.8,decrease,0.39059677059232334,0.03191503576744803,5,1
MFAP5,2,3,ECM Glycoproteins,Core matrisome,2.2398131109734627,0.46329729180653617,0.6666666666666666,increase,0.035549363196949346,0.39647191753939826,3,4
COL4A6,2,3,Collagens,Core matrisome,3.1015410383654785,0.404675102341621,1.0,decrease,0.04473603579208757,-0.9307816322289097,5,2
LAMA3,2,3,ECM Glycoproteins,Core matrisome,2.2088211126356825,0.5417141253274701,1.0,decrease,0.01817126137054159,-0.22099679329241803,3,5
FREM1,2,3,ECM-affiliated Proteins,Matrisome-associated,2.4021542009185257,0.39842975571963263,0.6666666666666666,increase,0.6579045369957283,0.2145848353252907,3,1
FREM2,2,3,ECM-affiliated Proteins,Matrisome-associated,2.3896440118453732,0.3962664725017592,0.6666666666666666,decrease,0.6321328148629485,-0.20460871215901077,3,1
FRAS1,2,3,ECM Glycoproteins,Core matrisome,2.3879948654685705,0.4123757209969898,0.6666666666666666,decrease,0.6931645865212493,-0.08185497228685057,3,1
LAMC3,2,3,ECM Glycoproteins,Core matrisome,2.3803682151214645,0.423016388104309,0.6666666666666666,decrease,0.7214878386026264,0.016380260459886647,3,1
