Gene_Symbol,Compartment_A,Compartment_B,DeltaZ_A,DeltaZ_B,Antagonism_Magnitude,Tissue
Col11a2,Skeletal_muscle_Soleus,Skeletal_muscle_TA,4.389677342903284,-1.7296532221214134,6.119330565024698,Skeletal muscle
Col2a1,Skeletal_muscle_Soleus,Skeletal_muscle_TA,3.0166670716663986,-1.9666161931577677,4.983283264824166,Skeletal muscle
Fbn2,Skeletal_muscle_Gastrocnemius,Skeletal_muscle_TA,0.2561371732170867,-4.587837044093266,4.843974217310353,Skeletal muscle
Cilp2,Skeletal_muscle_Soleus,Skeletal_muscle_TA,1.8505495556824891,-2.7456304785341,4.596180034216589,Skeletal muscle
Postn,Skeletal_muscle_Soleus,Skeletal_muscle_TA,0.883120469587075,-3.5927136237417794,4.475834093328855,Skeletal muscle
AGRN,Cortex,Ovary,-3.91066515747497,0.3632321556911388,4.273897313166109,Ovary
LMAN1,IAF,OAF,3.3661312232426197,-0.6657123260892428,4.031843549331862,Intervertebral_disc
Col5a2,Skeletal_muscle_Soleus,Skeletal_muscle_TA,1.7998069627267284,-2.057731792667324,3.8575387553940526,Skeletal muscle
LMAN1,NP,OAF,3.06065148946521,-0.6657123260892428,3.726363815554453,Intervertebral_disc
CPN2,NP,OAF,2.8946965942407057,-0.7452334627617752,3.6399300570024806,Intervertebral_disc
F9,IAF,OAF,3.2417325261994367,-0.212911878623654,3.4546444048230907,Intervertebral_disc
Col12a1,Skeletal_muscle_Soleus,Skeletal_muscle_TA,2.9463593942891997,-0.4825946532692309,3.4289540475584306,Skeletal muscle
MFAP4,IAF,OAF,3.1735832929769834,-0.2021437645214835,3.375727057498467,Intervertebral_disc
Col1a1,Skeletal_muscle_Soleus,Skeletal_muscle_TA,1.5507906286192616,-1.7752984428959928,3.3260890715152547,Skeletal muscle
DCN,Cortex,Ovary,-2.2540385476124856,0.9701132248454264,3.224151772457912,Ovary
Col5a2,Skeletal_muscle_Gastrocnemius,Skeletal_muscle_TA,1.1632487729075545,-2.057731792667324,3.2209805655748784,Skeletal muscle
WISP2,NP,OAF,3.110221490321502,-0.0043253313020124,3.1145468216235144,Intervertebral_disc
MMRN2,IAF,OAF,-0.3512618417962692,2.7541362622797605,3.1053981040760297,Intervertebral_disc
Postn,Skeletal_muscle_EDL,Skeletal_muscle_Soleus,-2.2160391604116567,0.883120469587075,3.0991596299987316,Skeletal muscle
VCAN,Glomerular,Tubulointerstitial,2.0207243217245145,-1.065702169049553,3.0864264907740675,Kidney
Col1a2,Skeletal_muscle_Soleus,Skeletal_muscle_TA,1.1637489470878175,-1.9078132273284791,3.0715621744162966,Skeletal muscle
Col12a1,Skeletal_muscle_Gastrocnemius,Skeletal_muscle_Soleus,-0.1029298489217931,2.9463593942891997,3.0492892432109926,Skeletal muscle
F9,NP,OAF,2.827114215336088,-0.212911878623654,3.040026093959742,Intervertebral_disc
Mbl2,Skeletal_muscle_Gastrocnemius,Skeletal_muscle_TA,-2.1848179776085517,0.8494518156907782,3.03426979329933,Skeletal muscle
Col2a1,Skeletal_muscle_EDL,Skeletal_muscle_TA,1.0631593666051609,-1.9666161931577677,3.0297755597629283,Skeletal muscle
MMRN2,NP,OAF,-0.1850723790376429,2.7541362622797605,2.9392086413174034,Intervertebral_disc
CPN2,IAF,NP,-0.0414516062036289,2.8946965942407057,2.9361482004443347,Intervertebral_disc
FBLN1,Cortex,Ovary,1.50443532640121,-1.424534833263253,2.928970159664463,Ovary
MFAP4,NP,OAF,2.705480438027637,-0.2021437645214835,2.9076242025491204,Intervertebral_disc
VTN,Cortex,Ovary,2.1977367672868007,-0.6447504135107811,2.8424871807975816,Ovary
S100A13,Cortex,Ovary,-1.838029778681052,0.9717972680932108,2.809827046774263,Ovary
Col6a1,Skeletal_muscle_Soleus,Skeletal_muscle_TA,0.8302392597311994,-1.9211471471602124,2.751386406891412,Skeletal muscle
Col2a1,Skeletal_muscle_Gastrocnemius,Skeletal_muscle_TA,0.7556489499913077,-1.9666161931577677,2.7222651431490754,Skeletal muscle
PRELP,Glomerular,Tubulointerstitial,2.596536473858281,-0.0746170666868551,2.671153540545136,Kidney
PLOD3,IAF,OAF,-1.399582003964081,1.2686927352940995,2.6682747392581803,Intervertebral_disc
ANXA5,Cortex,Ovary,1.3713612027354216,-1.2578118504713311,2.6291730532067525,Ovary
OGN,Glomerular,Tubulointerstitial,2.2016235494540672,-0.4052049468240076,2.606828496278075,Kidney
COL1A1,Cortex,Ovary,-2.060007760496083,0.5309890121124021,2.5909967726084853,Ovary
C1QC,NP,OAF,2.47013308061871,-0.0932418992281385,2.5633749798468486,Intervertebral_disc
S100A8,IAF,OAF,2.443900029312342,-0.0854573444480114,2.5293573737603534,Intervertebral_disc
Col6a2,Skeletal_muscle_Soleus,Skeletal_muscle_TA,1.0203679752205477,-1.49847146934696,2.518839444567508,Skeletal muscle
MFAP2,Glomerular,Tubulointerstitial,2.443233247881294,-0.0694148195376458,2.5126480674189398,Kidney
Col1a2,Decellularized_Tissue,Native_Tissue,-1.314849870936404,1.1597009542595,2.4745508251959043,Heart
LUM,Glomerular,Tubulointerstitial,2.4099045749187624,-0.0580292253897175,2.46793380030848,Kidney
Col5a1,Skeletal_muscle_EDL,Skeletal_muscle_TA,1.2834853572986125,-1.14331892379725,2.4268042810958628,Skeletal muscle
PLOD3,IAF,NP,-1.399582003964081,1.010614393437008,2.410196397401089,Intervertebral_disc
Col5a2,Skeletal_muscle_EDL,Skeletal_muscle_TA,0.3381486158454886,-2.057731792667324,2.395880408512813,Skeletal muscle
SERPINB6,IAF,NP,-0.3090791690305959,2.0731015209571733,2.382180689987769,Intervertebral_disc
CTSG,IAF,OAF,2.3216443283538393,-0.0533929291341823,2.3750372574880214,Intervertebral_disc
SERPINC1,Cortex,Ovary,-1.9420900810408868,0.394725359048408,2.336815440089295,Ovary
C1QA,IAF,OAF,2.1377028287495814,-0.1883321041902641,2.3260349329398453,Intervertebral_disc
S100A16,Glomerular,Tubulointerstitial,-1.208066958042798,1.1132166447527378,2.321283602795536,Kidney
COL28A1,IAF,NP,-1.4048648088927915,0.8961650074272642,2.3010298163200558,Intervertebral_disc
Eln,Decellularized_Tissue,Native_Tissue,-2.2103414827256844,0.0595286315701074,2.269870114295792,Heart
SERPINB6,NP,OAF,2.0731015209571733,-0.1823196703594638,2.255421191316637,Intervertebral_disc
Col1a2,Skeletal_muscle_Gastrocnemius,Skeletal_muscle_TA,0.3440345391881427,-1.9078132273284791,2.251847766516622,Skeletal muscle
Anxa5,Decellularized_Tissue,Native_Tissue,1.9167199163841289,-0.3274037489300911,2.24412366531422,Heart
AMBP,Cortex,Ovary,-0.4812162765490885,1.7473701835186193,2.228586460067708,Ovary
TNXB,Cortex,Ovary,-0.9536573308915288,1.2728891259639628,2.2265464568554916,Ovary
MASP2,Glomerular,Tubulointerstitial,1.7361762983941664,-0.4891587214324921,2.2253350198266584,Kidney
Col5a1,Decellularized_Tissue,Native_Tissue,-1.7262603198408415,0.4960923849909017,2.222352704831743,Heart
F2,Glomerular,Tubulointerstitial,1.4353041167660954,-0.7512171224286393,2.1865212391947346,Kidney
Serpinf2,Skeletal_muscle_Soleus,Skeletal_muscle_TA,-0.4769528276100148,1.709162494944536,2.186115322554551,Skeletal muscle
GPC1,Cortex,Ovary,-0.9529487717951464,1.2282147842588815,2.181163556054028,Ovary
ANXA4,Cortex,Ovary,1.3198777097724466,-0.8349807613649501,2.1548584711373966,Ovary
MME,Glomerular,Tubulointerstitial,-1.7464738371031294,0.400924080619393,2.1473979177225226,Kidney
Col6a1,Skeletal_muscle_Gastrocnemius,Skeletal_muscle_TA,0.2194430664077727,-1.9211471471602124,2.140590213567985,Skeletal muscle
Col3a1,Decellularized_Tissue,Native_Tissue,-1.8892767218293791,0.2099621559161006,2.0992388777454796,Heart
Fgb,Decellularized_Tissue,Native_Tissue,1.091960151056076,-1.00199447545536,2.0939546265114357,Heart
Serpina1d,Decellularized_Tissue,Native_Tissue,0.8194337834799941,-1.2623094544850455,2.0817432379650396,Heart
ANXA6,Cortex,Ovary,1.253466524656303,-0.8045493848874292,2.058015909543732,Ovary
COL3A1,Cortex,Ovary,-1.9449897164965837,0.1060918368337861,2.05108155333037,Ovary
COL5A2,Cortex,Ovary,-1.7676713454124815,0.269370421743459,2.0370417671559404,Ovary
Hmcn2,Skeletal_muscle_Soleus,Skeletal_muscle_TA,1.2500438738696598,-0.7827090588731711,2.032752932742831,Skeletal muscle
LAMA2,NP,OAF,1.6374362781567042,-0.3937726564926287,2.031208934649333,Intervertebral_disc
COL1A2,Cortex,Ovary,-1.491471787411,0.5384340845058682,2.029905871916868,Ovary
S100A16,Cortex,Ovary,-0.8011669011945406,1.1409060202065786,1.9420729214011192,Ovary
Itih5,Cortex,Hippocampus,1.1591349657632295,-0.7820368796671923,1.9411718454304219,Brain
LTBP1,Glomerular,Tubulointerstitial,1.62853066408346,-0.2825993756818494,1.9111300397653095,Kidney
Postn,Skeletal_muscle_Gastrocnemius,Skeletal_muscle_Soleus,-1.0245689631363772,0.883120469587075,1.9076894327234521,Skeletal muscle
ANXA1,Glomerular,Tubulointerstitial,-1.7714986507434844,0.1251937200400098,1.8966923707834942,Kidney
F10,NP,OAF,1.5844557267373018,-0.3034731236953034,1.8879288504326053,Intervertebral_disc
Fbn1,Skeletal_muscle_Soleus,Skeletal_muscle_TA,0.5258266035105543,-1.3536547670208692,1.8794813705314235,Skeletal muscle
TIMP1,Glomerular,Tubulointerstitial,-0.760394320848638,1.110153925217175,1.870548246065813,Kidney
Thbs4,Skeletal_muscle_Soleus,Skeletal_muscle_TA,1.43697710767502,-0.42614871002244,1.8631258176974599,Skeletal muscle
Dpt,Skeletal_muscle_Gastrocnemius,Skeletal_muscle_TA,1.0561297406153012,-0.7950656670666336,1.8511954076819348,Skeletal muscle
Col6a2,Skeletal_muscle_Gastrocnemius,Skeletal_muscle_TA,0.3337025900712694,-1.49847146934696,1.8321740594182294,Skeletal muscle
Col1a1,Decellularized_Tissue,Native_Tissue,-1.3985560166037574,0.4171999145978733,1.8157559312016307,Heart
MMP13,Glomerular,Tubulointerstitial,-0.7202485398131234,1.0831761078106603,1.8034246476237836,Kidney
C1QTNF5,NP,OAF,1.4373259848337316,-0.3454159298654002,1.782741914699132,Intervertebral_disc
Ctsl,Skeletal_muscle_Soleus,Skeletal_muscle_TA,0.2556097117324761,-1.5213437733612167,1.7769534850936928,Skeletal muscle
C1QA,NP,OAF,1.5802802015909472,-0.1883321041902641,1.7686123057812113,Intervertebral_disc
CTSZ,Cortex,Ovary,1.6809431638757932,-0.0680781671815261,1.7490213310573193,Ovary
Fbn1,Skeletal_muscle_Gastrocnemius,Skeletal_muscle_TA,0.392106437462429,-1.3536547670208692,1.7457612044832982,Skeletal muscle
F10,IAF,OAF,1.4165291317520712,-0.3034731236953034,1.7200022554473746,Intervertebral_disc
COL6A1,Cortex,Ovary,-1.5156776087982655,0.1937310072989929,1.7094086160972584,Ovary
COL28A1,IAF,OAF,-1.4048648088927915,0.2824304702571599,1.6872952791499514,Intervertebral_disc
C1QTNF5,IAF,OAF,1.333377491577879,-0.3454159298654002,1.6787934214432794,Intervertebral_disc
DPT,Glomerular,Tubulointerstitial,1.382665470374553,-0.2925712648021534,1.6752367351767063,Kidney
Fbn1,Skeletal_muscle_EDL,Skeletal_muscle_Soleus,-1.1048760535705373,0.5258266035105543,1.6307026570810916,Skeletal muscle
CTSZ,NP,OAF,-1.4054431838740276,0.2074358791413846,1.6128790630154122,Intervertebral_disc
Thbs4,Skeletal_muscle_EDL,Skeletal_muscle_Soleus,-0.1648102846783264,1.43697710767502,1.6017873923533463,Skeletal muscle
Col1a1,Skeletal_muscle_Gastrocnemius,Skeletal_muscle_Soleus,-0.0503695173253319,1.5507906286192616,1.6011601459445934,Skeletal muscle
Col1a1,Skeletal_muscle_EDL,Skeletal_muscle_Soleus,-0.0396672122978212,1.5507906286192616,1.5904578409170829,Skeletal muscle
COL5A1,Cortex,Ovary,-1.22698013175869,0.3616232283414553,1.5886033601001452,Ovary
Thbs4,Skeletal_muscle_Gastrocnemius,Skeletal_muscle_Soleus,-0.1440349386344326,1.43697710767502,1.5810120463094526,Skeletal muscle
Igfbp6,Cortex,Hippocampus,0.3125205472148478,-1.264339177958111,1.5768597251729588,Brain
ANXA6,Glomerular,Tubulointerstitial,0.2462376617723497,-1.3235628849173855,1.5698005466897351,Kidney
Col3a1,Skeletal_muscle_EDL,Skeletal_muscle_Gastrocnemius,-1.491077791980398,0.0718264771336861,1.562904269114084,Skeletal muscle
Tgfbi,Skeletal_muscle_Soleus,Skeletal_muscle_TA,1.0993312544442622,-0.4590016310800945,1.5583328855243566,Skeletal muscle
S100A6,Cortex,Ovary,-0.4560173347520247,1.0976027191469993,1.553620053899024,Ovary
FGB,Cortex,Ovary,-0.704855650239366,0.844109594600927,1.548965244840293,Ovary
Serpinb1a,Skeletal_muscle_Gastrocnemius,Skeletal_muscle_TA,0.933766970968866,-0.6142386926208658,1.548005663589732,Skeletal muscle
Fbn2,Skeletal_muscle_EDL,Skeletal_muscle_Gastrocnemius,-1.2810749085060142,0.2561371732170867,1.537212081723101,Skeletal muscle
C1qtnf9,Skeletal_muscle_Soleus,Skeletal_muscle_TA,0.4635268824170854,-1.0661837441141344,1.52971062653122,Skeletal muscle
Serpina1b,Decellularized_Tissue,Native_Tissue,1.1387754877708824,-0.3896876294967222,1.5284631172676046,Heart
S100A6,IAF,OAF,-0.4045771548828552,1.1198857008951597,1.5244628557780149,Intervertebral_disc
LUM,Cortex,Ovary,-0.2955786583993802,1.210433982063369,1.5060126404627492,Ovary
Lgi2,Cortex,Hippocampus,0.0649055851584512,-1.4336663936155425,1.4985719787739937,Brain
Fbn1,Skeletal_muscle_EDL,Skeletal_muscle_Gastrocnemius,-1.1048760535705373,0.392106437462429,1.4969824910329663,Skeletal muscle
Serpinb1a,Skeletal_muscle_Gastrocnemius,Skeletal_muscle_Soleus,0.933766970968866,-0.5430617504503122,1.4768287214191782,Skeletal muscle
Ctsc,Skeletal_muscle_Soleus,Skeletal_muscle_TA,-0.1996800585627461,1.2708442640092086,1.4705243225719546,Skeletal muscle
FGA,Cortex,Ovary,-0.6260514058273221,0.8262421360769909,1.452293541904313,Ovary
Fmod,Skeletal_muscle_Gastrocnemius,Skeletal_muscle_Soleus,-1.121920121539489,0.3254699920473745,1.4473901135868634,Skeletal muscle
S100a10,Cortex,Hippocampus,-0.0313706880553745,1.4144352754517786,1.4458059635071532,Brain
C1qtnf9,Skeletal_muscle_Gastrocnemius,Skeletal_muscle_TA,0.3734095105410142,-1.0661837441141344,1.4395932546551486,Skeletal muscle
CTSZ,IAF,NP,0.0222665980699045,-1.4054431838740276,1.4277097819439322,Intervertebral_disc
COL15A1,Glomerular,Tubulointerstitial,1.2121423275969752,-0.2138166663304893,1.4259589939274644,Kidney
Serpina1d,Skeletal_muscle_EDL,Skeletal_muscle_Gastrocnemius,0.2857526145455411,-1.139213967009967,1.4249665815555081,Skeletal muscle
Col3a1,Skeletal_muscle_Gastrocnemius,Skeletal_muscle_TA,0.0718264771336861,-1.3484124771811576,1.4202389543148437,Skeletal muscle
Dpt,Skeletal_muscle_EDL,Skeletal_muscle_TA,0.6104611365002272,-0.7950656670666336,1.4055268035668607,Skeletal muscle
F13a1,Cortex,Hippocampus,-0.8312935179461011,0.5710777461538502,1.4023712640999513,Brain
Ctsh,Decellularized_Tissue,Native_Tissue,1.210248511266396,-0.1802682636828171,1.390516774949213,Heart
Col5a1,Skeletal_muscle_EDL,Skeletal_muscle_Soleus,1.2834853572986125,-0.1038102058605319,1.3872955631591444,Skeletal muscle
Serpinc1,Cortex,Hippocampus,-0.6484302688726572,0.7375133718117893,1.3859436406844465,Brain
Lamc1,Decellularized_Tissue,Native_Tissue,0.935916842438038,-0.4420110606731435,1.3779279031111815,Heart
S100A6,NP,OAF,-0.2517094938104731,1.1198857008951597,1.3715951947056328,Intervertebral_disc
AEBP1,Cortex,Ovary,-0.7989389388037133,0.5676312511810996,1.3665701899848128,Ovary
Lama2,Decellularized_Tissue,Native_Tissue,0.9881320218569988,-0.376716807723103,1.3648488295801018,Heart
Col6a2,Skeletal_muscle_EDL,Skeletal_muscle_Soleus,-0.3385227889456255,1.0203679752205477,1.3588907641661732,Skeletal muscle
COL12A1,Cortex,Ovary,-1.107092014761189,0.2438818515031776,1.3509738662643664,Ovary
TGM1,Glomerular,Tubulointerstitial,-0.8583798524728902,0.4901072897777961,1.3484871422506863,Kidney
SERPIND1,Glomerular,Tubulointerstitial,0.241145500540041,-1.0948863088126666,1.3360318093527075,Kidney
SERPINB1,Glomerular,Tubulointerstitial,0.7761750219277664,-0.5578174682570165,1.3339924901847828,Kidney
Col6a6,Skeletal_muscle_Gastrocnemius,Skeletal_muscle_TA,0.0486104605684552,-1.2840402638830102,1.3326507244514654,Skeletal muscle
Fmod,Skeletal_muscle_Soleus,Skeletal_muscle_TA,0.3254699920473745,-1.002040652410167,1.3275106444575415,Skeletal muscle
Fga,Decellularized_Tissue,Native_Tissue,0.4745987861587831,-0.8458383663082054,1.3204371524669885,Heart
CTSC,Glomerular,Tubulointerstitial,-1.1318578641462425,0.1877753376938372,1.3196332018400796,Kidney
Serpina3k,Decellularized_Tissue,Native_Tissue,1.3006298555566451,-0.0129231188042471,1.3135529743608922,Heart
AMBP,NP,OAF,1.2390793979189092,-0.0744092914464879,1.3134886893653972,Intervertebral_disc
Col6a1,Skeletal_muscle_EDL,Skeletal_muscle_Soleus,-0.4779290312514246,0.8302392597311994,1.308168290982624,Skeletal muscle
Nid1,Decellularized_Tissue,Native_Tissue,0.9283012518958332,-0.3767752113572258,1.3050764632530591,Heart
ECM1,Glomerular,Tubulointerstitial,-0.7585404703315441,0.5459877031573492,1.3045281734888934,Kidney
Plxdc2,Cortex,Hippocampus,0.1245552719268069,-1.1707351530374634,1.2952904249642703,Brain
Papln,Skeletal_muscle_Soleus,Skeletal_muscle_TA,1.1504286822319074,-0.142521065853203,1.2929497480851104,Skeletal muscle
F13b,Skeletal_muscle_Gastrocnemius,Skeletal_muscle_Soleus,0.2614900461148452,-1.0222874060139708,1.283777452128816,Skeletal muscle
SERPINA7,IAF,OAF,0.5975627414224306,-0.6852632703757845,1.282826011798215,Intervertebral_disc
Serpina1d,Skeletal_muscle_Gastrocnemius,Skeletal_muscle_TA,-1.139213967009967,0.1410901353951074,1.2803041024050743,Skeletal muscle
COL1A1,Glomerular,Tubulointerstitial,1.0045046942502915,-0.2749044839994048,1.2794091782496964,Kidney
ANXA11,Glomerular,Tubulointerstitial,0.1684219953291106,-1.091991898752765,1.2604138940818757,Kidney
POSTN,Cortex,Ovary,-0.1756161186283106,1.0823779445353172,1.2579940631636277,Ovary
Lama2,Skeletal_muscle_Soleus,Skeletal_muscle_TA,0.4537701468938966,-0.8005036158673935,1.25427376276129,Skeletal muscle
HRNR,IAF,NP,-0.5574199381701344,0.69291767697239,1.2503376151425245,Intervertebral_disc
S100a9,Skeletal_muscle_Gastrocnemius,Skeletal_muscle_Soleus,-0.4518312555231665,0.7958372852231983,1.2476685407463648,Skeletal muscle
COL5A2,Glomerular,Tubulointerstitial,-0.6357823138042151,0.6052419662725321,1.2410242800767473,Kidney
Tgfbi,Skeletal_muscle_EDL,Skeletal_muscle_Soleus,-0.1386340174819555,1.0993312544442622,1.2379652719262177,Skeletal muscle
Dpt,Skeletal_muscle_Soleus,Skeletal_muscle_TA,0.4402796122846262,-0.7950656670666336,1.2353452793512598,Skeletal muscle
Col1a2,Skeletal_muscle_EDL,Skeletal_muscle_Soleus,-0.066815013893139,1.1637489470878175,1.2305639609809564,Skeletal muscle
Lama5,Skeletal_muscle_Gastrocnemius,Skeletal_muscle_Soleus,0.8516986567659359,-0.3779740990687356,1.2296727558346716,Skeletal muscle
Serpinb1a,Skeletal_muscle_EDL,Skeletal_muscle_Gastrocnemius,-0.2904850858827423,0.933766970968866,1.2242520568516082,Skeletal muscle
Serpinb8,Cortex,Hippocampus,0.2338554188844326,-0.9893905292717888,1.2232459481562215,Brain
Lama5,Skeletal_muscle_Gastrocnemius,Skeletal_muscle_TA,0.8516986567659359,-0.3647493576017508,1.2164480143676868,Skeletal muscle
LAMA1,Glomerular,Tubulointerstitial,0.6271707897232356,-0.5816977898263179,1.2088685795495535,Kidney
SBSPON,Glomerular,Tubulointerstitial,-0.8924319660743558,0.3146047385420381,1.207036704616394,Kidney
SERPINA7,NP,OAF,0.5180766298494376,-0.6852632703757845,1.203339900225222,Intervertebral_disc
Nid2,Skeletal_muscle_EDL,Skeletal_muscle_Soleus,0.1832744621772061,-1.0107064678727211,1.1939809300499271,Skeletal muscle
Vwa1,Skeletal_muscle_EDL,Skeletal_muscle_TA,0.5536955617128403,-0.6356879083653479,1.1893834700781882,Skeletal muscle
Ltbp1,Skeletal_muscle_EDL,Skeletal_muscle_Soleus,-1.1364307186842144,0.0438310422364844,1.180261760920699,Skeletal muscle
Anxa6,Decellularized_Tissue,Native_Tissue,0.4898081401139704,-0.6807432444905543,1.1705513846045248,Heart
Serpinb6,Cortex,Hippocampus,0.5607715100531079,-0.600394324727031,1.1611658347801388,Brain
Agrn,Skeletal_muscle_Soleus,Skeletal_muscle_TA,-1.0721075050628908,0.0869117858656196,1.1590192909285104,Skeletal muscle
ADAMTSL5,Glomerular,Tubulointerstitial,0.4509258801190046,-0.705273400229726,1.1561992803487304,Kidney
MFGE8,Glomerular,Tubulointerstitial,0.8716556159476155,-0.2828879702833377,1.1545435862309532,Kidney
Lamb1,Decellularized_Tissue,Native_Tissue,0.541937140988601,-0.6116724240844583,1.1536095650730593,Heart
Col18a1,Cortex,Hippocampus,0.7949056839679264,-0.3462028532853989,1.1411085372533254,Brain
NID1,Cortex,Ovary,1.0952235343755443,-0.0447656362992827,1.139989170674827,Ovary
HSPG2,Cortex,Ovary,-0.6041010421498592,0.5344485496309975,1.1385495917808566,Ovary
Ctsf,Cortex,Hippocampus,0.9385981303516284,-0.1930940475061068,1.1316921778577351,Brain
EFEMP1,Glomerular,Tubulointerstitial,0.0958909837625993,-1.0344048506756942,1.1302958344382934,Kidney
Aebp1,Skeletal_muscle_Gastrocnemius,Skeletal_muscle_Soleus,-0.5843214279810888,0.5457488224466404,1.1300702504277291,Skeletal muscle
S100A7A,Glomerular,Tubulointerstitial,-1.01254325526073,0.1172422882752436,1.1297855435359736,Kidney
AMBP,IAF,OAF,1.053743202766284,-0.0744092914464879,1.128152494212772,Intervertebral_disc
Cst3,Skeletal_muscle_EDL,Skeletal_muscle_TA,0.0079474074212355,-1.0964045218910554,1.104351929312291,Skeletal muscle
Ctsz,Skeletal_muscle_EDL,Skeletal_muscle_Gastrocnemius,-0.6782823811590399,0.4215447822961161,1.099827163455156,Skeletal muscle
Ecm1,Decellularized_Tissue,Native_Tissue,-0.710731466428536,0.3841554516996897,1.0948869181282257,Heart
SERPINC1,Glomerular,Tubulointerstitial,0.527171355673233,-0.5447466737712195,1.0719180294444526,Kidney
Dpt,Decellularized_Tissue,Native_Tissue,-0.5421679293861424,0.5272193999942697,1.0693873293804121,Heart
Serpina1a,Skeletal_muscle_EDL,Skeletal_muscle_Soleus,0.7974671500552871,-0.2714350133051713,1.0689021633604585,Skeletal muscle
Col12a1,Skeletal_muscle_EDL,Skeletal_muscle_TA,0.5813052073677161,-0.4825946532692309,1.063899860636947,Skeletal muscle
SERPINF2,Cortex,Ovary,0.9198920138579884,-0.1411064375268677,1.060998451384856,Ovary
SMAP2,Glomerular,Tubulointerstitial,-0.9128747832878584,0.1470268597104234,1.0599016429982817,Kidney
Aebp1,Skeletal_muscle_Gastrocnemius,Skeletal_muscle_TA,-0.5843214279810888,0.4722434971975687,1.0565649251786575,Skeletal muscle
Serpina1b,Skeletal_muscle_EDL,Skeletal_muscle_Soleus,0.911114739739748,-0.1412527545942297,1.0523674943339776,Skeletal muscle
Mmrn1,Decellularized_Tissue,Native_Tissue,1.0409644162677638,-0.0096190140712669,1.0505834303390307,Heart
Vwf,Decellularized_Tissue,Native_Tissue,0.8016398118292353,-0.2474560826009849,1.0490958944302202,Heart
Fbn2,Skeletal_muscle_Gastrocnemius,Skeletal_muscle_Soleus,0.2561371732170867,-0.7859910315155673,1.0421282047326539,Skeletal muscle
F2,Skeletal_muscle_Soleus,Skeletal_muscle_TA,-0.2615993686230078,0.7723771772432307,1.0339765458662384,Skeletal muscle
ANXA7,Cortex,Ovary,0.1659057258853618,-0.8626002796197605,1.0285060055051223,Ovary
Gpc1,Skeletal_muscle_EDL,Skeletal_muscle_Gastrocnemius,0.6996052159143934,-0.3222510402141955,1.0218562561285889,Skeletal muscle
Fbln2,Skeletal_muscle_EDL,Skeletal_muscle_TA,-0.8917630965444333,0.1256796664769329,1.0174427630213663,Skeletal muscle
Agrn,Decellularized_Tissue,Native_Tissue,0.2583313592606488,-0.755268190013717,1.013599549274366,Heart
SPON1,IAF,OAF,-0.2723664419473581,0.734007882294053,1.0063743242414112,Intervertebral_disc
Fbln2,Skeletal_muscle_EDL,Skeletal_muscle_Gastrocnemius,-0.8917630965444333,0.1086050019554826,1.000368098499916,Skeletal muscle
Itih5,Skeletal_muscle_Soleus,Skeletal_muscle_TA,0.2393501622808888,-0.7604451079762162,0.999795270257105,Skeletal muscle
Serpina1a,Skeletal_muscle_Soleus,Skeletal_muscle_TA,-0.2714350133051713,0.7246382827988479,0.9960732961040192,Skeletal muscle
Fgb,Skeletal_muscle_Gastrocnemius,Skeletal_muscle_Soleus,-0.9471986280002724,0.0468052623279016,0.994003890328174,Skeletal muscle
Serpina6,Skeletal_muscle_Gastrocnemius,Skeletal_muscle_Soleus,0.8626809309786454,-0.1250343715355219,0.9877153025141673,Skeletal muscle
CPN2,Glomerular,Tubulointerstitial,0.7713439692724332,-0.2088445795917843,0.9801885488642175,Kidney
COL6A2,Cortex,Ovary,-0.6432921853270736,0.3346429474620216,0.9779351327890952,Ovary
KAL1,IAF,OAF,-0.949727520152278,0.0280240785672464,0.9777515987195244,Intervertebral_disc
COL6A6,Cortex,Ovary,0.5571121836463163,-0.413271922408701,0.9703841060550173,Ovary
Tinagl1,Decellularized_Tissue,Native_Tissue,0.9491439880549736,-0.0193368432222025,0.9684808312771761,Heart
Itih4,Decellularized_Tissue,Native_Tissue,-0.0057007974451807,0.9550751189553232,0.9607759164005039,Heart
ASPN,Glomerular,Tubulointerstitial,0.5653820156828137,-0.3871163666460268,0.9524983823288404,Kidney
SERPINA1,Glomerular,Tubulointerstitial,0.0017889774944744863,-0.9491675981321408,0.9509565756266153,Kidney
LAMC1,IAF,OAF,0.3558928312140546,-0.5936807827765721,0.9495736139906267,Intervertebral_disc
Gpc1,Skeletal_muscle_EDL,Skeletal_muscle_Soleus,0.6996052159143934,-0.2497380660067978,0.9493432819211912,Skeletal muscle
Serpina1a,Skeletal_muscle_Gastrocnemius,Skeletal_muscle_Soleus,0.671955430941371,-0.2714350133051713,0.9433904442465423,Skeletal muscle
Pzp,Skeletal_muscle_Soleus,Skeletal_muscle_TA,-0.5640986318273183,0.3780627939030894,0.9421614257304077,Skeletal muscle
Nid2,Skeletal_muscle_EDL,Skeletal_muscle_TA,0.1832744621772061,-0.7576541023959089,0.940928564573115,Skeletal muscle
LGALS1,Glomerular,Tubulointerstitial,-0.6010006274187446,0.3352691772379078,0.9362698046566524,Kidney
BGN,Cortex,Ovary,-0.4857961386878002,0.4458013492513576,0.9315974879391578,Ovary
ACAN,Glomerular,Tubulointerstitial,0.736538361953986,-0.1923836905906011,0.9289220525445872,Kidney
Gpc1,Skeletal_muscle_Gastrocnemius,Skeletal_muscle_TA,-0.3222510402141955,0.6056901228895779,0.9279411631037734,Skeletal muscle
Tgfbi,Skeletal_muscle_Gastrocnemius,Skeletal_muscle_TA,0.4641450042038717,-0.4590016310800945,0.9231466352839662,Skeletal muscle
Fmod,Skeletal_muscle_EDL,Skeletal_muscle_Soleus,-0.5780332041665831,0.3254699920473745,0.9035031962139576,Skeletal muscle
Vwa1,Skeletal_muscle_EDL,Skeletal_muscle_Gastrocnemius,0.5536955617128403,-0.3451654602906017,0.898861022003442,Skeletal muscle
Tgm2,Skeletal_muscle_Soleus,Skeletal_muscle_TA,0.1693690502121227,-0.7252697718124828,0.8946388220246054,Skeletal muscle
Cpn2,Skeletal_muscle_Soleus,Skeletal_muscle_TA,-0.3723628472783662,0.5218738519043976,0.8942366991827638,Skeletal muscle
INHBE,Glomerular,Tubulointerstitial,0.3235923313832928,-0.5692477828673704,0.8928401142506632,Kidney
Gpc4,Skeletal_muscle_Gastrocnemius,Skeletal_muscle_TA,-0.3678354802983077,0.5226041439404969,0.8904396242388046,Skeletal muscle
Serpina6,Skeletal_muscle_Soleus,Skeletal_muscle_TA,-0.1250343715355219,0.7648918291634982,0.8899262006990201,Skeletal muscle
Fgg,Decellularized_Tissue,Native_Tissue,0.5511452837308801,-0.3344247467227479,0.885570030453628,Heart
Tgfbi,Decellularized_Tissue,Native_Tissue,-0.111235665765211,0.7705367239110924,0.8817723896763034,Heart
KNG1,Cortex,Ovary,-0.2739201011754243,0.6074902976352952,0.8814103988107195,Ovary
Mbl2,Skeletal_muscle_Soleus,Skeletal_muscle_TA,-0.0295387663024024,0.8494518156907782,0.8789905819931806,Skeletal muscle
LAMC1,NP,OAF,0.2776504199780004,-0.5936807827765721,0.8713312027545725,Intervertebral_disc
Col3a1,Cortex,Hippocampus,-0.0382211543201398,0.8321255015710417,0.8703466558911815,Brain
COL1A2,Glomerular,Tubulointerstitial,0.355299122161288,-0.5088375852763438,0.8641367074376318,Kidney
Ogn,Skeletal_muscle_EDL,Skeletal_muscle_Gastrocnemius,0.2781571646934343,-0.5843531201734579,0.8625102848668922,Skeletal muscle
SPON1,NP,OAF,-0.1281786940287483,0.734007882294053,0.8621865763228013,Intervertebral_disc
Gpc1,Skeletal_muscle_Soleus,Skeletal_muscle_TA,-0.2497380660067978,0.6056901228895779,0.8554281888963757,Skeletal muscle
Ctsl,Skeletal_muscle_EDL,Skeletal_muscle_Soleus,-0.5931861329672765,0.2556097117324761,0.8487958446997526,Skeletal muscle
Vcan,Decellularized_Tissue,Native_Tissue,0.427831483689418,-0.4191180267437974,0.8469495104332154,Heart
S100a9,Cortex,Hippocampus,0.7461884711711876,-0.100364622929674,0.8465530941008615,Brain
TINAGL1,NP,OAF,-0.7761579165671415,0.0701910360195363,0.8463489525866779,Intervertebral_disc
ANXA7,Glomerular,Tubulointerstitial,0.4487365861118117,-0.3953837917615798,0.8441203778733914,Kidney
Tgm2,Decellularized_Tissue,Native_Tissue,-0.7545941925456342,0.0790823437004569,0.8336765362460911,Heart
HRNR,NP,OAF,0.69291767697239,-0.1382253936339486,0.8311430706063386,Intervertebral_disc
Serpinf2,Skeletal_muscle_EDL,Skeletal_muscle_Soleus,0.3487591330092841,-0.4769528276100148,0.8257119606192989,Skeletal muscle
Lama2,Skeletal_muscle_EDL,Skeletal_muscle_TA,0.0230392810135442,-0.8005036158673935,0.8235428968809377,Skeletal muscle
Itih5,Skeletal_muscle_Gastrocnemius,Skeletal_muscle_TA,0.058292139109009,-0.7604451079762162,0.8187372470852252,Skeletal muscle
Itih2,Decellularized_Tissue,Native_Tissue,-0.409276082405801,0.3982892797150491,0.8075653621208501,Heart
ANGPTL6,Glomerular,Tubulointerstitial,0.5735904606756048,-0.2214006015491141,0.7949910622247189,Kidney
Ctsz,Skeletal_muscle_Gastrocnemius,Skeletal_muscle_Soleus,0.4215447822961161,-0.3707548977096047,0.7922996800057207,Skeletal muscle
ADAM15,Glomerular,Tubulointerstitial,-0.6237814885910411,0.1663437748268171,0.7901252634178582,Kidney
Gpc4,Cortex,Hippocampus,-0.6416479842612639,0.1455771832309838,0.7872251674922477,Brain
Fn1,Decellularized_Tissue,Native_Tissue,0.0685233114559445,-0.7141049117387163,0.7826282231946607,Heart
ITIH1,Cortex,Ovary,0.6209557709029162,-0.1562588402948845,0.7772146111978007,Ovary
CLEC18B,Glomerular,Tubulointerstitial,0.3678469639294076,-0.4024431389670401,0.7702901028964477,Kidney
Serpina1b,Skeletal_muscle_Soleus,Skeletal_muscle_TA,-0.1412527545942297,0.6194795199333326,0.7607322745275623,Skeletal muscle
Kng1,Skeletal_muscle_EDL,Skeletal_muscle_Soleus,0.6787129776920469,-0.0789350814728663,0.7576480591649132,Skeletal muscle
Serpina1b,Skeletal_muscle_Gastrocnemius,Skeletal_muscle_Soleus,0.6142484246937547,-0.1412527545942297,0.7555011792879844,Skeletal muscle
Lama4,Decellularized_Tissue,Native_Tissue,0.1943763753942286,-0.5468955110625235,0.7412718864567521,Heart
ANXA11,Cortex,Ovary,0.203810162101805,-0.5349861221873486,0.7387962842891537,Ovary
LMAN1,Glomerular,Tubulointerstitial,0.582951123873998,-0.1536067498248843,0.7365578736988823,Kidney
Tgm2,Skeletal_muscle_EDL,Skeletal_muscle_TA,0.0064474014929363,-0.7252697718124828,0.7317171733054191,Skeletal muscle
Ecm1,Skeletal_muscle_Soleus,Skeletal_muscle_TA,-0.6277739413021184,0.0979321216152404,0.7257060629173588,Skeletal muscle
F13B,NP,OAF,0.5727827328077109,-0.1433626624448164,0.7161453952525273,Intervertebral_disc
S100A11,Glomerular,Tubulointerstitial,-0.0457856088142844,0.6689004610349857,0.7146860698492701,Kidney
Tinagl1,Skeletal_muscle_Gastrocnemius,Skeletal_muscle_TA,0.1404560859880525,-0.5705156243958944,0.7109717103839469,Skeletal muscle
Col6a6,Skeletal_muscle_Gastrocnemius,Skeletal_muscle_Soleus,0.0486104605684552,-0.661160336546845,0.7097707971153002,Skeletal muscle
Pzp,Skeletal_muscle_Gastrocnemius,Skeletal_muscle_Soleus,0.1452318753025122,-0.5640986318273183,0.7093305071298306,Skeletal muscle
VEGFA,IAF,OAF,-0.6408651652282169,0.0658006630115599,0.7066658282397769,Intervertebral_disc
PXDN,Glomerular,Tubulointerstitial,0.5611174627321099,-0.1411662288255265,0.7022836915576365,Kidney
Anxa4,Decellularized_Tissue,Native_Tissue,0.5101671171110493,-0.189838436928824,0.7000055540398733,Heart
Ogfod1,Cortex,Hippocampus,0.0844300419645413,-0.6152470524954038,0.6996770944599451,Brain
Col6a1,Skeletal_muscle_EDL,Skeletal_muscle_Gastrocnemius,-0.4779290312514246,0.2194430664077727,0.6973720976591973,Skeletal muscle
HMCN1,IAF,NP,-0.4882484455313498,0.2079714719040087,0.6962199174353585,Intervertebral_disc
Vwa5a,Cortex,Hippocampus,0.5106525266310705,-0.1745686915465603,0.6852212181776308,Brain
CTSB,IAF,NP,0.5373025168766502,-0.1473749793960505,0.6846774962727007,Intervertebral_disc
Vwa1,Skeletal_muscle_Soleus,Skeletal_muscle_TA,0.0486819122150044,-0.6356879083653479,0.6843698205803523,Skeletal muscle
DSP,Glomerular,Tubulointerstitial,-0.427120829651511,0.2571939017127953,0.6843147313643063,Kidney
Col12a1,Skeletal_muscle_EDL,Skeletal_muscle_Gastrocnemius,0.5813052073677161,-0.1029298489217931,0.6842350562895092,Skeletal muscle
Ctsz,Skeletal_muscle_EDL,Skeletal_muscle_TA,-0.6782823811590399,0.0056514255811789,0.6839338067402189,Skeletal muscle
Kng1,Skeletal_muscle_Soleus,Skeletal_muscle_TA,-0.0789350814728663,0.6008146897783957,0.679749771251262,Skeletal muscle
S100a11,Decellularized_Tissue,Native_Tissue,0.0035127074544296,-0.6750386316084038,0.6785513390628334,Heart
F2,Skeletal_muscle_EDL,Skeletal_muscle_Soleus,0.4153542858685534,-0.2615993686230078,0.6769536544915612,Skeletal muscle
ANGPTL4,NP,OAF,0.4477245796060254,-0.2290304657758276,0.676755045381853,Intervertebral_disc
Col6a2,Skeletal_muscle_EDL,Skeletal_muscle_Gastrocnemius,-0.3385227889456255,0.3337025900712694,0.6722253790168948,Skeletal muscle
HRG,Glomerular,Tubulointerstitial,-0.2291284246213289,0.441104092055471,0.6702325166768,Kidney
Fgb,Skeletal_muscle_EDL,Skeletal_muscle_Soleus,-0.6215686452884359,0.0468052623279016,0.6683739076163375,Skeletal muscle
COL3A1,Glomerular,Tubulointerstitial,0.3517716901780267,-0.31263194043772213,0.6644036306157488,Kidney
Nid1,Skeletal_muscle_EDL,Skeletal_muscle_TA,0.1262285040503931,-0.5313389080123745,0.6575674120627676,Skeletal muscle
Serpine2,Cortex,Hippocampus,0.2152492260736385,-0.4348454571458084,0.650094683219447,Brain
Ltbp1,Decellularized_Tissue,Native_Tissue,-0.2825893426656842,0.3659850190851021,0.6485743617507863,Heart
Gpc4,Skeletal_muscle_Soleus,Skeletal_muscle_TA,-0.1227376618057471,0.5226041439404969,0.645341805746244,Skeletal muscle
LAMA4,Cortex,Ovary,0.0814614005211961,-0.5401480434981154,0.6216094440193115,Ovary
SERPINH1,NP,OAF,-0.6161446634747022,0.0016857518525855,0.6178304153272877,Intervertebral_disc
ANGPTL4,IAF,OAF,0.3876012242905445,-0.2290304657758276,0.6166316900663721,Intervertebral_disc
COL22A1,Glomerular,Tubulointerstitial,0.0196289674669917,-0.594015977028477,0.6136449444954687,Kidney
COL4A2,IAF,OAF,0.3512010202059882,-0.2535655778493352,0.6047665980553234,Intervertebral_disc
S100A11,NP,OAF,-0.5306386190344543,0.0737178204282247,0.604356439462679,Intervertebral_disc
Pzp,Skeletal_muscle_EDL,Skeletal_muscle_TA,-0.226121408563581,0.3780627939030894,0.6041842024666704,Skeletal muscle
Tgfbi,Skeletal_muscle_EDL,Skeletal_muscle_Gastrocnemius,-0.1386340174819555,0.4641450042038717,0.6027790216858272,Skeletal muscle
EMILIN2,Glomerular,Tubulointerstitial,0.5968731599263538,-0.0022857019928689,0.5991588619192227,Kidney
MDK,NP,OAF,-0.5554019575655489,0.0421014281638401,0.597503385729389,Intervertebral_disc
CTSF,NP,OAF,-0.4343850088070311,0.1630613746218863,0.5974463834289174,Intervertebral_disc
Lama3,Cortex,Hippocampus,-0.287839442400603,0.3058247546455104,0.5936641970461134,Brain
Serpinf2,Skeletal_muscle_Gastrocnemius,Skeletal_muscle_Soleus,0.1152534983459008,-0.4769528276100148,0.5922063259559156,Skeletal muscle
Col25a1,Cortex,Hippocampus,-0.4693946157399135,0.1226080053920042,0.5920026211319177,Brain
S100A11,IAF,OAF,-0.5161216896266078,0.0737178204282247,0.5898395100548325,Intervertebral_disc
LAMA4,IAF,OAF,0.1052596979471591,-0.4842591829069284,0.5895188808540874,Intervertebral_disc
SERPINE1,NP,OAF,0.282100986234839,-0.2972965564423132,0.5793975426771522,Intervertebral_disc
Serpina1d,Skeletal_muscle_EDL,Skeletal_muscle_Soleus,0.2857526145455411,-0.2818241356853705,0.5675767502309116,Skeletal muscle
Serpinb6,Decellularized_Tissue,Native_Tissue,0.451727616436344,-0.1144423590917634,0.5661699755281074,Heart
Sparcl1,Cortex,Hippocampus,-0.4066344004428813,0.1591153071621932,0.5657497076050745,Brain
Lgalsl,Cortex,Hippocampus,0.401333846256788,-0.1616959748309083,0.5630298210876963,Brain
Lum,Skeletal_muscle_Gastrocnemius,Skeletal_muscle_TA,0.4291338493087773,-0.1333557476446514,0.5624895969534287,Skeletal muscle
CLEC5A,Glomerular,Tubulointerstitial,0.3510660157725085,-0.2090664969421246,0.560132512714633,Kidney
IGFBP6,IAF,OAF,0.0407800163164417,-0.5180448455755946,0.5588248618920363,Intervertebral_disc
GDF10,NP,OAF,-0.2636634940871036,0.2948270834054088,0.5584905774925124,Intervertebral_disc
LAMB1,IAF,NP,0.2025780906064369,-0.3529396463069044,0.5555177369133413,Intervertebral_disc
LAMB4,Glomerular,Tubulointerstitial,0.4630187889642471,-0.0913975152357439,0.554416304199991,Kidney
ANXA2,Glomerular,Tubulointerstitial,-0.0598182680225135,0.4915343428644222,0.5513526108869358,Kidney
NID1,NP,OAF,0.0516646424407312,-0.4941919713094291,0.5458566137501603,Intervertebral_disc
Aspn,Decellularized_Tissue,Native_Tissue,-0.3855638745181595,0.1493624302696485,0.534926304787808,Heart
Serpinb9,Cortex,Hippocampus,0.06249301839641,-0.4719556703281464,0.5344486887245564,Brain
MBL2,IAF,OAF,0.0313805301887014,-0.489554779108242,0.5209353092969434,Intervertebral_disc
PDGFD,IAF,NP,-0.2336135901113362,0.285999829401986,0.5196134195133222,Intervertebral_disc
Lama5,Skeletal_muscle_EDL,Skeletal_muscle_Soleus,0.13725960439379,-0.3779740990687356,0.5152337034625256,Skeletal muscle
C1QB,NP,OAF,0.418314060771585,-0.0969170723015222,0.5152311330731072,Intervertebral_disc
Ctsa,Cortex,Hippocampus,-0.0318372653754406,0.4798694933144932,0.5117067586899338,Brain
C1QTNF5,Glomerular,Tubulointerstitial,0.5097127283103375,-0.0005972636732458,0.5103099919835833,Kidney
SERPINB1,IAF,OAF,-0.4595106073534585,0.049926165561102,0.5094367729145605,Intervertebral_disc
Lama5,Skeletal_muscle_EDL,Skeletal_muscle_TA,0.13725960439379,-0.3647493576017508,0.5020089619955408,Skeletal muscle
COL5A3,Glomerular,Tubulointerstitial,-0.4654838102129204,0.0363551203614328,0.5018389305743532,Kidney
Lum,Skeletal_muscle_EDL,Skeletal_muscle_TA,0.3682433648099348,-0.1333557476446514,0.5015991124545862,Skeletal muscle
KAL1,NP,OAF,-0.4731214869342074,0.0280240785672464,0.5011455655014538,Intervertebral_disc
Serpind1,Skeletal_muscle_Soleus,Skeletal_muscle_TA,-0.1946330111437429,0.3037449817832554,0.49837799292699825,Skeletal muscle
Nid1,Cortex,Hippocampus,0.2021273371331177,-0.2908380040495825,0.4929653411827002,Brain
Ctsl,Skeletal_muscle_Gastrocnemius,Skeletal_muscle_Soleus,-0.2355008574602635,0.2556097117324761,0.4911105691927396,Skeletal muscle
Cx3cl1,Cortex,Hippocampus,0.238095195908159,-0.2507753847451228,0.4888705806532818,Brain
Lama2,Skeletal_muscle_Gastrocnemius,Skeletal_muscle_Soleus,-0.0350545665844742,0.4537701468938966,0.4888247134783708,Skeletal muscle
COL7A1,NP,OAF,-0.2846731093425221,0.2034864006139961,0.4881595099565182,Intervertebral_disc
Dsp,Decellularized_Tissue,Native_Tissue,0.00099986436404,-0.4870497885442783,0.48804965290831825,Heart
INHBA,IAF,OAF,-0.1586397986519273,0.3258112494628886,0.4844510481148159,Intervertebral_disc
Ntn1,Decellularized_Tissue,Native_Tissue,0.0514788003938404,-0.4324178164636566,0.483896616857497,Heart
Fgf13,Decellularized_Tissue,Native_Tissue,-0.2837123910831838,0.1994877034070697,0.4832000944902535,Heart
MMP3,IAF,OAF,0.1633699387672643,-0.3184160672701632,0.4817860060374275,Intervertebral_disc
Ogn,Skeletal_muscle_EDL,Skeletal_muscle_Soleus,0.2781571646934343,-0.201254274271821,0.4794114389652553,Skeletal muscle
ITIH4,Cortex,Ovary,0.2588451087471763,-0.2199893462943931,0.4788344550415694,Ovary
NRP1,NP,OAF,-0.1529510607558562,0.3236282893924735,0.47657935014832975,Intervertebral_disc
SERPINF2,Glomerular,Tubulointerstitial,-0.4308336639122539,0.0433714536212903,0.4742051175335442,Kidney
COL8A2,Glomerular,Tubulointerstitial,0.0287525301884074,-0.4449334529924366,0.473685983180844,Kidney
Tinagl1,Skeletal_muscle_Gastrocnemius,Skeletal_muscle_Soleus,0.1404560859880525,-0.3270078567867498,0.4674639427748023,Skeletal muscle
LAMA2,IAF,OAF,0.0689467464764455,-0.3937726564926287,0.4627194029690742,Intervertebral_disc
CTSB,NP,OAF,-0.1473749793960505,0.3142453528317571,0.4616203322278076,Intervertebral_disc
INHBA,NP,OAF,-0.1321547784284499,0.3258112494628886,0.45796602789133845,Intervertebral_disc
MMP3,NP,OAF,0.1350704609862252,-0.3184160672701632,0.45348652825638835,Intervertebral_disc
Lama4,Cortex,Hippocampus,-0.3646957451453091,0.0853460087668953,0.4500417539122044,Brain
C1QB,IAF,OAF,0.3504157466813923,-0.0969170723015222,0.4473328189829145,Intervertebral_disc
Ecm1,Skeletal_muscle_EDL,Skeletal_muscle_TA,-0.3470134228660557,0.0979321216152404,0.4449455444812961,Skeletal muscle
Col3a1,Skeletal_muscle_Gastrocnemius,Skeletal_muscle_Soleus,0.0718264771336861,-0.3701039165709536,0.4419303937046397,Skeletal muscle
WISP2,IAF,OAF,0.4343606932551265,-0.0043253313020124,0.4386860245571389,Intervertebral_disc
Col18a1,Skeletal_muscle_Soleus,Skeletal_muscle_TA,0.2284156162717239,-0.2101190411541198,0.43853465742584374,Skeletal muscle
HYAL1,NP,OAF,-0.183924795011086,0.2540314055991945,0.4379562006102805,Intervertebral_disc
SLPI,Glomerular,Tubulointerstitial,0.150771539479763,-0.2869793470824021,0.4377508865621651,Kidney
Ctsb,Cortex,Hippocampus,0.4087096546782803,-0.0274897911963158,0.4361994458745961,Brain
THBS1,IAF,OAF,0.0722861419699297,-0.3615828346449405,0.4338689766148702,Intervertebral_disc
LMAN1,Cortex,Ovary,-0.228131793222503,0.2054831941489554,0.4336149873714584,Ovary
C1QB,Glomerular,Tubulointerstitial,0.3000499177173252,-0.1327715492263262,0.4328214669436514,Kidney
Igfbp5,Cortex,Hippocampus,-0.0843671165069605,0.3483893274282015,0.432756443935162,Brain
Fbln1,Skeletal_muscle_Soleus,Skeletal_muscle_TA,-0.2774290276061624,0.1500968141552622,0.4275258417614246,Skeletal muscle
PDGFD,NP,OAF,0.285999829401986,-0.1382253936339486,0.4242252230359346,Intervertebral_disc
LAMB1,IAF,OAF,0.2025780906064369,-0.2208004748663755,0.4233785654728124,Intervertebral_disc
Serpina1d,Skeletal_muscle_Soleus,Skeletal_muscle_TA,-0.2818241356853705,0.1410901353951074,0.4229142710804779,Skeletal muscle
SEMA3B,IAF,NP,0.198761978559132,-0.2219752974300826,0.4207372759892146,Intervertebral_disc
Sdc4,Cortex,Hippocampus,0.2126901748802573,-0.20452363278762,0.4172138076678773,Brain
Papln,Decellularized_Tissue,Native_Tissue,-0.114587666365917,0.2994518674135834,0.41403953377950037,Heart
GDF10,IAF,OAF,-0.1175834778104222,0.2948270834054088,0.412410561215831,Intervertebral_disc
Nid1,Skeletal_muscle_EDL,Skeletal_muscle_Gastrocnemius,0.1262285040503931,-0.2856134210713387,0.4118419251217318,Skeletal muscle
Col1a2,Skeletal_muscle_EDL,Skeletal_muscle_Gastrocnemius,-0.066815013893139,0.3440345391881427,0.4108495530812817,Skeletal muscle
Ngly1,Cortex,Hippocampus,-0.1282337228377014,0.282231136140636,0.4104648589783374,Brain
F2,Skeletal_muscle_Gastrocnemius,Skeletal_muscle_Soleus,0.1471365853320602,-0.2615993686230078,0.408735953955068,Skeletal muscle
FAM20C,IAF,OAF,0.1826646645104944,-0.2190306669500526,0.40169533146054703,Intervertebral_disc
Hspg2,Decellularized_Tissue,Native_Tissue,0.07021313310142,-0.3302988568884828,0.4005119899899028,Heart
Tgm2,Skeletal_muscle_Gastrocnemius,Skeletal_muscle_Soleus,-0.2300031970942945,0.1693690502121227,0.3993722473064172,Skeletal muscle
VEGFA,NP,OAF,-0.331076699339431,0.0658006630115599,0.3968773623509909,Intervertebral_disc
FAM20C,IAF,NP,0.1826646645104944,-0.2141334732486128,0.3967981377591072,Intervertebral_disc
SFRP1,IAF,OAF,-0.1118961937989547,0.2843003407690887,0.39619653456804343,Intervertebral_disc
SEMA3E,NP,OAF,-0.2676506129486009,0.127944870052006,0.3955954830006069,Intervertebral_disc
Vwa1,Skeletal_muscle_Gastrocnemius,Skeletal_muscle_Soleus,-0.3451654602906017,0.0486819122150044,0.3938473725056061,Skeletal muscle
Cap2,Cortex,Hippocampus,-0.2173293466120229,0.1758352408038866,0.39316458741590954,Brain
INHBC,Glomerular,Tubulointerstitial,0.0685945691531557,-0.3239063193815973,0.392500888534753,Kidney
OMD,IAF,OAF,0.2802487810392065,-0.1068752703001459,0.38712405133935235,Intervertebral_disc
MDK,IAF,OAF,-0.3408232563582025,0.0421014281638401,0.3829246845220426,Intervertebral_disc
Ctsz,Skeletal_muscle_Soleus,Skeletal_muscle_TA,-0.3707548977096047,0.0056514255811789,0.3764063232907836,Skeletal muscle
Ctsc,Skeletal_muscle_Gastrocnemius,Skeletal_muscle_Soleus,0.1751891423040415,-0.1996800585627461,0.3748692008667876,Skeletal muscle
THBS1,IAF,NP,0.0722861419699297,-0.3025047996013207,0.3747909415712504,Intervertebral_disc
WIF1,IAF,NP,0.2402950159544577,-0.1342145446299631,0.3745095605844208,Intervertebral_disc
MIF,IAF,OAF,-0.3011590113103,0.073106808279483,0.374265819589783,Intervertebral_disc
CPAMD8,NP,OAF,-0.3128624810717794,0.0607002282663985,0.37356270933817787,Intervertebral_disc
HGFAC,IAF,OAF,0.2268125041016089,-0.1455575394188392,0.3723700435204481,Intervertebral_disc
Pzp,Skeletal_muscle_EDL,Skeletal_muscle_Gastrocnemius,-0.226121408563581,0.1452318753025122,0.37135328386609323,Skeletal muscle
Sparc,Cortex,Hippocampus,0.0022163865645157,-0.368240734659543,0.3704571212240587,Brain
AGT,NP,OAF,0.3194268923293748,-0.0500552769131323,0.3694821692425071,Intervertebral_disc
Anxa5,Skeletal_muscle_EDL,Skeletal_muscle_TA,-0.3518819397996469,0.0167947008950653,0.3686766406947122,Skeletal muscle
Lum,Skeletal_muscle_Soleus,Skeletal_muscle_TA,0.2334408840377273,-0.1333557476446514,0.36679663168237875,Skeletal muscle
COL4A2,NP,OAF,0.1104184226184549,-0.2535655778493352,0.3639840004677901,Intervertebral_disc
SPON2,IAF,OAF,0.1111452833537265,-0.2525119659913036,0.3636572493450301,Intervertebral_disc
LAMA4,IAF,NP,0.1052596979471591,-0.2533131689245063,0.3585728668716654,Intervertebral_disc
Nid2,Skeletal_muscle_EDL,Skeletal_muscle_Gastrocnemius,0.1832744621772061,-0.1740341529485527,0.35730861512575884,Skeletal muscle
Plg,Skeletal_muscle_Gastrocnemius,Skeletal_muscle_Soleus,0.2904579257230326,-0.0654244142806671,0.35588234000369967,Skeletal muscle
SMOC1,IAF,OAF,-0.2461264081421467,0.108231339993093,0.3543577481352397,Intervertebral_disc
SEMA3C,NP,OAF,-0.3060505399910673,0.0479491414034907,0.353999681394558,Intervertebral_disc
CLEC11A,IAF,OAF,0.1143498338985424,-0.2394064054137371,0.3537562393122795,Intervertebral_disc
Ogn,Skeletal_muscle_EDL,Skeletal_muscle_TA,0.2781571646934343,-0.0731823738152511,0.35133953850868543,Skeletal muscle
Plg,Skeletal_muscle_Gastrocnemius,Skeletal_muscle_TA,0.2904579257230326,-0.0608000503441773,0.3512579760672099,Skeletal muscle
Fgb,Skeletal_muscle_Soleus,Skeletal_muscle_TA,0.0468052623279016,-0.2964894050736065,0.3432946674015081,Skeletal muscle
Nid1,Skeletal_muscle_EDL,Skeletal_muscle_Soleus,0.1262285040503931,-0.2151243394051456,0.34135284345553873,Skeletal muscle
SEMA3E,IAF,OAF,-0.2126075233283945,0.127944870052006,0.3405523933804005,Intervertebral_disc
FREM1,Glomerular,Tubulointerstitial,-0.2944373548945342,0.0382537520151548,0.332691106909689,Kidney
SERPINE1,IAF,NP,-0.0415666210127848,0.282100986234839,0.3236676072476238,Intervertebral_disc
ISM2,NP,OAF,0.0827671120835559,-0.2398614144606721,0.322628526544228,Intervertebral_disc
FBLN1,IAF,NP,0.140907149935915,-0.1793749185981045,0.3202820685340195,Intervertebral_disc
Serpind1,Skeletal_muscle_EDL,Skeletal_muscle_Soleus,0.1249962662538554,-0.1946330111437429,0.3196292773975983,Skeletal muscle
HYAL1,IAF,OAF,-0.0639826107148903,0.2540314055991945,0.3180140163140848,Intervertebral_disc
SMOC1,NP,OAF,-0.2084838288101809,0.108231339993093,0.3167151688032739,Intervertebral_disc
COL7A1,IAF,NP,0.0296394439397231,-0.2846731093425221,0.3143125532822452,Intervertebral_disc
LEFTY2;LEFTY1,IAF,OAF,-0.1650484039880727,0.1490120675020499,0.3140604714901226,Intervertebral_disc
Fbln1,Skeletal_muscle_Gastrocnemius,Skeletal_muscle_Soleus,0.0353978967040093,-0.2774290276061624,0.3128269243101717,Skeletal muscle
ADAMTSL2,NP,OAF,0.1709821168941859,-0.1402599340866709,0.3112420509808568,Intervertebral_disc
Mmrn2,Cortex,Hippocampus,0.1939869182603982,-0.1170318205222603,0.3110187387826585,Brain
Fbln1,Skeletal_muscle_EDL,Skeletal_muscle_TA,-0.1580127957332997,0.1500968141552622,0.3081096098885619,Skeletal muscle
FBLN1,NP,OAF,-0.1793749185981045,0.1283059058019001,0.3076808244000046,Intervertebral_disc
Mbp,Cortex,Hippocampus,0.24475214721416982,-0.061651811132682977,0.3064039583468528,Brain
Col18a1,Skeletal_muscle_EDL,Skeletal_muscle_TA,0.0945860989691343,-0.2101190411541198,0.3047051401232541,Skeletal muscle
OMD,IAF,NP,0.2802487810392065,-0.0226708485102499,0.3029196295494564,Intervertebral_disc
ANXA2,Cortex,Ovary,-0.098115664770601,0.2040527157935438,0.3021683805641448,Ovary
HTRA3,IAF,OAF,0.2174031029041142,-0.0798152322660197,0.2972183351701339,Intervertebral_disc
S100a13,Cortex,Hippocampus,0.2612740085915526,-0.0342606436236525,0.2955346522152051,Brain
LGALS8,Glomerular,Tubulointerstitial,-0.1877912829641643,0.1030588571317546,0.2908501400959189,Kidney
SCUBE3,IAF,OAF,-0.231884401946065,0.0556268773930747,0.28751127933913967,Intervertebral_disc
CTSF,IAF,OAF,-0.1196101180683447,0.1630613746218863,0.282671492690231,Intervertebral_disc
ADAMTSL2,IAF,NP,-0.1098854176526398,0.1709821168941859,0.2808675345468257,Intervertebral_disc
Tinagl1,Skeletal_muscle_EDL,Skeletal_muscle_Gastrocnemius,-0.1392980098949495,0.1404560859880525,0.27975409588300204,Skeletal muscle
Col6a6,Skeletal_muscle_EDL,Skeletal_muscle_Gastrocnemius,-0.2286514058893379,0.0486104605684552,0.2772618664577931,Skeletal muscle
HTRA3,NP,OAF,0.1952156340703627,-0.0798152322660197,0.2750308663363824,Intervertebral_disc
Pik3ip1,Cortex,Hippocampus,-0.1966603334677754,0.0779657503574146,0.27462608382519,Brain
Cst3,Skeletal_muscle_EDL,Skeletal_muscle_Gastrocnemius,0.0079474074212355,-0.266008329925659,0.2739557373468945,Skeletal muscle
PF4;PF4V1,NP,OAF,-0.2590731579808768,0.0088768645302847,0.2679500225111615,Intervertebral_disc
SERPINB1,NP,OAF,-0.2166861120769139,0.049926165561102,0.2666122776380159,Intervertebral_disc
ITIH6,NP,OAF,-0.1296131740619437,0.136025695657947,0.2656388697198907,Intervertebral_disc
HGFAC,IAF,NP,0.2268125041016089,-0.0325816342780576,0.2593941383796665,Intervertebral_disc
Kng1,Skeletal_muscle_Gastrocnemius,Skeletal_muscle_Soleus,0.1802297656003263,-0.0789350814728663,0.2591648470731926,Skeletal muscle
Fbln2,Skeletal_muscle_Soleus,Skeletal_muscle_TA,-0.1317818168054493,0.1256796664769329,0.25746148328238216,Skeletal muscle
Cst3,Skeletal_muscle_EDL,Skeletal_muscle_Soleus,0.0079474074212355,-0.2490912284406592,0.2570386358618947,Skeletal muscle
Ecm1,Skeletal_muscle_Gastrocnemius,Skeletal_muscle_TA,-0.1582958527445222,0.0979321216152404,0.25622797435976263,Skeletal muscle
SEMA3D,IAF,OAF,0.0612050600117439,-0.192873280196652,0.2540783402083959,Intervertebral_disc
A2M,Glomerular,Tubulointerstitial,-0.1344725715110702,0.1185252161357661,0.2529977876468363,Kidney
ITIH6,IAF,OAF,-0.1139129189871219,0.136025695657947,0.2499386146450689,Intervertebral_disc
Anxa5,Skeletal_muscle_Soleus,Skeletal_muscle_TA,-0.2251837318233893,0.0167947008950653,0.2419784327184546,Skeletal muscle
Serpinf2,Decellularized_Tissue,Native_Tissue,-0.1672311990542416,0.0732297036660867,0.24046090272032833,Heart
Fbln2,Skeletal_muscle_Gastrocnemius,Skeletal_muscle_Soleus,0.1086050019554826,-0.1317818168054493,0.24038681876093188,Skeletal muscle
Tgm2,Skeletal_muscle_EDL,Skeletal_muscle_Gastrocnemius,0.0064474014929363,-0.2300031970942945,0.2364505985872308,Skeletal muscle
F13B,IAF,OAF,0.0930215273485619,-0.1433626624448164,0.2363841897933783,Intervertebral_disc
F12,Skeletal_muscle_Soleus,Skeletal_muscle_TA,-0.1272511672899696,0.1028974860991725,0.2301486533891421,Skeletal muscle
GDF5,NP,OAF,-0.1319414455004377,0.0946593796659199,0.2266008251663576,Intervertebral_disc
ADIPOQ,IAF,NP,0.035088766277072,-0.1879450172579642,0.2230337835350362,Intervertebral_disc
LEFTY2;LEFTY1,NP,OAF,-0.0688238642705925,0.1490120675020499,0.2178359317726424,Intervertebral_disc
ANGPTL2,IAF,NP,0.2096693484952126,-0.0079067386301294,0.217576087125342,Intervertebral_disc
HMCN1,NP,OAF,0.2079714719040087,-0.0094231659954781,0.2173946378994868,Intervertebral_disc
LAMA4,Glomerular,Tubulointerstitial,0.0523800916823024,-0.1626264859933003,0.2150065776756027,Kidney
Try4,Cortex,Hippocampus,-0.1542333016899989,0.0524259208642683,0.20665922255426722,Brain
C1QC,IAF,OAF,0.111470497641692,-0.0932418992281385,0.2047123968698305,Intervertebral_disc
NID1,IAF,NP,-0.1506998107921242,0.0516646424407312,0.2023644532328554,Intervertebral_disc
ISM2,IAF,NP,-0.1175834778104222,0.0827671120835559,0.20035058989397808,Intervertebral_disc
Serpind1,Skeletal_muscle_Gastrocnemius,Skeletal_muscle_Soleus,0.0047867226747096,-0.1946330111437429,0.1994197338184525,Skeletal muscle
SEMA3B,IAF,OAF,0.198761978559132,-0.0003273184762811,0.1990892970354131,Intervertebral_disc
CLEC11A,IAF,NP,0.1143498338985424,-0.0807709680085997,0.1951208019071421,Intervertebral_disc
Fbln1,Skeletal_muscle_EDL,Skeletal_muscle_Gastrocnemius,-0.1580127957332997,0.0353978967040093,0.19341069243730902,Skeletal muscle
GDF5,IAF,OAF,-0.0976613264530963,0.0946593796659199,0.1923207061190162,Intervertebral_disc
AMBP,Glomerular,Tubulointerstitial,-0.0504610425933594,0.1408864020264526,0.191347444619812,Kidney
Plg,Skeletal_muscle_EDL,Skeletal_muscle_Soleus,0.1256109743840802,-0.0654244142806671,0.19103538866474729,Skeletal muscle
SCUBE3,NP,OAF,-0.1342145446299631,0.0556268773930747,0.1898414220230378,Intervertebral_disc
Plg,Skeletal_muscle_EDL,Skeletal_muscle_TA,0.1256109743840802,-0.0608000503441773,0.1864110247282575,Skeletal muscle
ANGPTL2,NP,OAF,-0.0079067386301294,0.1762681927683121,0.1841749313984415,Intervertebral_disc
S100a16,Cortex,Hippocampus,0.0959466568715841,-0.0820911272563399,0.17803778412792398,Brain
SPON2,IAF,NP,0.1111452833537265,-0.06612088090035,0.17726616425407649,Intervertebral_disc
MBL2,IAF,NP,0.0313805301887014,-0.1444986630217963,0.1758791932104977,Intervertebral_disc
IGFBP6,IAF,NP,0.0407800163164417,-0.1342145446299631,0.1749945609464048,Intervertebral_disc
NRP1,IAF,NP,0.0214575283778975,-0.1529510607558562,0.1744085891337537,Intervertebral_disc
SEMA3D,IAF,NP,0.0612050600117439,-0.1130430906015697,0.1742481506133136,Intervertebral_disc
FBN1,Cortex,Ovary,-0.0933338109037277,0.0672535724403878,0.1605873833441155,Ovary
SFRP4,NP,OAF,-0.1239083573145417,0.0329016517384009,0.1568100090529426,Intervertebral_disc
PXDN,IAF,OAF,-0.0615910958899844,0.08530755086657,0.1468986467565544,Intervertebral_disc
NID2,Glomerular,Tubulointerstitial,0.1277043590534335,-0.0189671507732997,0.1466715098267332,Kidney
CCL21,NP,OAF,-0.1342145446299631,0.007894044988907,0.1421085896188701,Intervertebral_disc
SFRP4,IAF,OAF,-0.1065222259917445,0.0329016517384009,0.13942387773014542,Intervertebral_disc
PXDN,IAF,NP,-0.0615910958899844,0.0765804571711571,0.1381715530611415,Intervertebral_disc
SEMA3C,IAF,OAF,-0.0847963251445871,0.0479491414034907,0.13274546654807778,Intervertebral_disc
PLXDC2,NP,OAF,-0.1207377886257862,0.0064044517349947,0.1271422403607809,Intervertebral_disc
ADIPOQ,IAF,OAF,0.035088766277072,-0.0820664436934726,0.1171552099705446,Intervertebral_disc
MST1;MST1L,IAF,OAF,-0.0281550019086853,0.0791811790560612,0.10733618096474651,Intervertebral_disc
COL7A1,Glomerular,Tubulointerstitial,0.0036694141816705,-0.1036594864960004,0.1073289006776709,Kidney
MST1;MST1L,IAF,NP,-0.0281550019086853,0.0742213811934896,0.1023763831021749,Intervertebral_disc
TIMP1,IAF,NP,0.0691212517041334,-0.0302993397637029,0.0994205914678363,Intervertebral_disc
VWF,Glomerular,Tubulointerstitial,-0.0625686997436978,0.0349701134291536,0.0975388131728514,Kidney
CPAMD8,IAF,OAF,-0.0333688413393524,0.0607002282663985,0.0940690696057509,Intervertebral_disc
Kng1,Decellularized_Tissue,Native_Tissue,-0.0350700731107982,0.057856829960775,0.0929269030715732,Heart
COL18A1,IAF,NP,0.0154331319947589,-0.0648298488704727,0.0802629808652316,Intervertebral_disc
COL18A1,NP,OAF,-0.0648298488704727,0.0053488701408275,0.0701787190113002,Intervertebral_disc
AGT,IAF,OAF,0.0135175405180935,-0.0500552769131323,0.06357281743122581,Intervertebral_disc
Lama2,Skeletal_muscle_EDL,Skeletal_muscle_Gastrocnemius,0.0230392810135442,-0.0350545665844742,0.0580938475980184,Skeletal muscle
PLXDC2,IAF,OAF,-0.045580241249612,0.0064044517349947,0.0519846929846067,Intervertebral_disc
TIMP1,NP,OAF,-0.0302993397637029,0.0082766859302799,0.0385760256939828,Intervertebral_disc
Anxa5,Skeletal_muscle_Gastrocnemius,Skeletal_muscle_TA,-0.0131923512832242,0.0167947008950653,0.0299870521782895,Skeletal muscle
SERPINH1,IAF,OAF,-0.0220275879507928,0.0016857518525855,0.0237133398033783,Intervertebral_disc
CCL21,IAF,OAF,-0.0063601913267322,0.007894044988907,0.0142542363156392,Intervertebral_disc
