Protein,Phase_I,Phase_II,Delta_Phase_II_vs_I,Upregulated_Phase_II,Upregulated_Phase_I
1810010H24Rik,,1.0570918300333907,,False,False
A2M,0.6465248324259854,0.5695427542948006,-0.07698207813118474,False,True
A2m,0.7801521309574422,0.5049995667767594,-0.2751525641806828,False,True
ABI3BP,-0.1623987702716318,-0.5178984701267044,-0.3554996998550726,False,True
ACAN,,-0.2731350581547662,,False,False
ADAM17,,-2.192526798443353,,False,False
ADAMTS2,,-0.1175834778104222,,False,False
ADAMTSL2,,-0.1098854176526398,,False,False
ADIPOQ,,0.035088766277072,,False,False
AEBP1,-0.7989389388037133,-0.1131137643648668,0.6858251744388465,True,False
AGRN,-3.91066515747497,-0.5360866740852753,3.3745784833896946,True,False
AGT,-2.9335641011337934,0.0135175405180935,2.947081641651887,True,False
AMBP,-0.4812162765490885,1.053743202766284,1.5349594793153725,True,False
ANGPTL2,,0.2096693484952126,,False,False
ANGPTL3,,-0.1158404085474936,,False,False
ANGPTL4,,0.3876012242905445,,False,False
ANGPTL5,,-0.0186025262546253,,False,False
ANGPTL7,,-0.2540647735359913,,False,False
ANXA1,-0.0544618435842869,-0.5014434203613034,-0.4469815767770165,False,True
ANXA11,0.203810162101805,-0.1111466145254754,-0.3149567766272804,False,True
ANXA2,-0.098115664770601,-0.5274843595658373,-0.42936869479523626,False,True
ANXA3,,1.9920988580493133,,False,False
ANXA4,1.3198777097724466,-0.5390651610396782,-1.8589428708121247,False,True
ANXA5,1.3713612027354216,-0.3031658214287127,-1.6745270241641343,False,True
ANXA6,1.253466524656303,-0.4730704567503946,-1.7265369814066975,False,True
ANXA7,0.1659057258853618,-0.2982023375093597,-0.4641080633947215,False,True
ASPN,,-0.6306962696874884,,False,False
Abi3bp,,-0.3372500031056432,,False,False
Acan,0.5348342515358782,,,False,False
Adam10,0.1092063008557944,0.1567584005867132,0.0475520997309188,True,False
Adam11,-0.2364947512212827,,,False,False
Adam17,,0.0474367445845224,,False,False
Adam22,-0.5361679016415589,,,False,False
Adam23,-0.0648327612785866,,,False,False
Adam9,-0.3865282281436358,,,False,False
Adamtsl1,,0.063216570311938,,False,False
Adamtsl3,,0.4094482228814463,,False,False
Adamtsl4,,-5.624072040463722,,False,False
Adamtsl5,,0.0564390912681974,,False,False
Adipoq,-0.3693576596233578,-0.2976769874384088,0.071680672184949,True,False
Aebp1,-0.5843214279810888,0.1341585736843435,0.7184800016654322,True,False
Agrn,0.2257190303824124,-2.696820153894304,-2.9225391842767166,False,True
Agt,-0.4855916732384283,,,False,False
Ambp,0.2159848446895809,1.0323700116149983,0.8163851669254174,True,False
Angpt1,,0.4638802086602245,,False,False
Angpt2,,0.5291603673993851,,False,False
Angptl2,,0.7001788924378581,,False,False
Angptl7,2.1610780492843524,,,False,False
Anxa1,0.0328807908941625,0.0521251524718951,0.0192443615777326,True,False
Anxa11,-0.3932636397765737,0.1123090566457496,0.5055726964223233,True,False
Anxa2,-0.40165167995446216,0.0585720562374374,0.46022373619189955,True,False
Anxa3,0.0720450375033354,0.0788317942410828,0.00678675673774741,True,False
Anxa4,0.8546521382106097,0.0111297029312767,-0.843522435279333,False,True
Anxa5,0.31587425445424966,0.0418183365369333,-0.27405591791731637,False,True
Anxa6,-0.5682507126232108,-0.031657162847171655,0.5365935497760391,True,False
Anxa7,-0.5392037906359065,0.0105042160978537,0.5497080067337602,True,False
Anxa8,,-0.0623403097262137,,False,False
Anxa9,,-0.0551622996400213,,False,False
Aspn,2.604202857141108,-0.0987241655519899,-2.702927022693098,False,True
BC048546,-0.4612437598378333,,,False,False
BCAN,,-0.2010937477260973,,False,False
BGN,-0.4857961386878002,-0.3585910613591652,0.127205077328635,True,False
BMP1,,-0.5019391738490555,,False,False
BMP3,,-0.1696935150175916,,False,False
BMP6,,-0.1196269736869271,,False,False
Bcan,-0.5114037347206094,,,False,False
Bdnf,-0.9203196369119008,,,False,False
Bgn,0.7558079698214619,0.21799232706536534,-0.5378156427560966,False,True
Bmp3,,0.2183341044103785,,False,False
Bmp5,,0.4582499127049795,,False,False
Bmp6,,0.1377071141186963,,False,False
Bmper,,-0.1097099639048077,,False,False
Brinp2,-0.7222791717159976,,,False,False
C1QA,,2.1377028287495814,,False,False
C1QB,,0.3504157466813923,,False,False
C1QC,,0.111470497641692,,False,False
C1QTNF5,,1.333377491577879,,False,False
C1qa,1.256171467840571,,,False,False
C1qb,1.1369617135628534,,,False,False
C1qc,0.8295263595766748,-1.1774964587455443,-2.007022818322219,False,True
C1ql3,-1.4477614208829674,,,False,False
C1qtnf2,,-0.0107568495119239,,False,False
C1qtnf4,-1.0866362116687198,,,False,False
C1qtnf7,,0.299672540252359,,False,False
C1qtnf9,0.3734095105410142,,,False,False
CCL14,,-0.0782166848551695,,False,False
CCL16,,-0.1499224693233308,,False,False
CCL18,,-0.443702020136088,,False,False
CCL21,,-0.0063601913267322,,False,False
CCN1,,0.1944437673794352,,False,False
CCN2,,-0.2637633342223416,,False,False
CCN3,,-0.4312050662168834,,False,False
CCN5,,0.4343606932551265,,False,False
CCN6,,-0.3028009468617285,,False,False
CD109,,-0.3998655137352782,,False,False
CD209,,-0.0043077718874466,,False,False
CHAD,,-0.3738642348097656,,False,False
CHADL,,-0.2533485449516886,,False,False
CHRD,,-0.4497065863797143,,False,False
CHRDL2,,-0.5553853658564076,,False,False
CILP,,-0.0321790329687509,,False,False
CILP2,,-0.2416527286686909,,False,False
CLEC11A,,0.1143498338985424,,False,False
CLEC3A,,-0.5477745583124703,,False,False
CLEC3B,-0.5864613006721875,-0.2081318608409868,0.3783294398312007,True,False
COL11A1,,-0.5603666969013193,,False,False
COL11A2,,-0.9478079626477064,,False,False
COL12A1,-1.107092014761189,-0.6564318247435665,0.45066019001762236,True,False
COL14A1,-1.076741476066409,-0.8237069835662247,0.25303449250018417,True,False
COL15A1,,-0.6494635137197519,,False,False
COL16A1,-0.8202562950922422,-0.1141786428565554,0.7060776522356867,True,False
COL18A1,0.7152893876389637,0.0154331319947589,-0.6998562556442047,False,True
COL1A1,-2.060007760496083,-0.1226480954412754,1.9373596650548077,True,False
COL1A2,-1.491471787411,-0.42100840848084,1.0704633789301599,True,False
COL28A1,,-1.4048648088927915,,False,False
COL2A1,2.993756409406916,-0.6334129988003573,-3.627169408207273,False,True
COL3A1,-1.9449897164965837,-0.5621791716525344,1.3828105448440493,True,False
COL4A1,-0.698002959934389,0.4010661418994919,1.099069101833881,True,False
COL4A2,-1.450860608643871,0.3512010202059882,1.802061628849859,True,False
COL5A1,-1.22698013175869,-0.7176672955504484,0.5093128362082415,True,False
COL5A2,-1.7676713454124815,-1.0817605550377642,0.6859107903747172,True,False
COL6A1,-1.5156776087982655,-0.6008796719202476,0.9147979368780179,True,False
COL6A2,-0.6432921853270736,-0.7234418321757603,-0.08014964684868675,False,True
COL6A3,-0.6738568630607543,-0.6181239612381484,0.05573290182260593,True,False
COL6A6,0.5571121836463163,1.727567682681637,1.1704554990353206,True,False
COL7A1,,0.0296394439397231,,False,False
COL8A1,,-0.4692115116017507,,False,False
COL9A1,,-1.0481326044567043,,False,False
COL9A2,,-0.429839166207433,,False,False
COL9A3,,-0.1901617884170238,,False,False
COMP,,-0.1499541975465462,,False,False
CPAMD8,,-0.0333688413393524,,False,False
CPN2,,-0.0414516062036289,,False,False
CRISPLD1,,-0.1175834778104222,,False,False
CRLF1,,0.6851207394148859,,False,False
CSPG4,,-0.2301909080319106,,False,False
CST3,,-0.1490102829058693,,False,False
CSTB,2.1187871255412887,,,False,False
CTHRC1,,-0.1373898211530113,,False,False
CTSA,,0.1138520973968418,,False,False
CTSB,,0.5373025168766502,,False,False
CTSD,1.0051993070111698,0.1740464858794479,-0.8311528211317218,False,True
CTSF,,-0.1196101180683447,,False,False
CTSG,,2.3216443283538393,,False,False
CTSZ,1.6809431638757932,0.0222665980699045,-1.6586765658058886,False,True
CXCL10,,0.6110611173868872,,False,False
CXCL12,,-0.4866065099799222,,False,False
CXCL14,,-3.072193494578781,,False,False
Cbln1,-0.8813876558646396,,,False,False
Cbln4,1.1061984046555495,,,False,False
Ccl21c,,-0.0655280978860288,,False,False
Ccn1,2.7391312784776156,,,False,False
Cd109,0.1167379842030699,,,False,False
Chad,-2.390997676672455,0.2410976186565885,2.6320952953290435,True,False
Chadl,-0.437901161777879,,,False,False
Chrdl1,-1.7200688268509006,0.3529116202209064,2.072980447071807,True,False
Cilp,,-5.559483474927751,,False,False
Cilp2,,-6.998662750587459,,False,False
Clec1a,,0.1625455254775293,,False,False
Clec2l,-0.6219989047679677,,,False,False
Coch,0.4366084046484875,,,False,False
Col10a1,,0.3093685006248571,,False,False
Col12a1,0.47568062760425,0.230598767290314,-0.245081860313936,False,True
Col14a1,-3.945555998198077,-0.781150876041531,3.1644051221565457,True,False
Col15a1,-1.625395188791733,0.0585391358777828,1.6839343246695158,True,False
Col16a1,,0.0165355003227706,,False,False
Col18a1,-0.3462028532853989,0.6176749844186888,0.9638778377040877,True,False
Col1a1,0.6312010584197039,-0.0269701266414517,-0.6581711850611556,False,True
Col1a2,1.4320830841823007,-0.0215560991600455,-1.453639183342346,False,True
Col25a1,0.1226080053920042,,,False,False
Col2a1,0.7556489499913077,,,False,False
Col3a1,0.4519759893523639,-0.3754952309335128,-0.8274712202858767,False,True
Col4a1,1.488204561012326,0.4137018076850522,-1.0745027533272737,False,True
Col4a2,1.1694280166064381,0.3910855206028562,-0.778342496003582,False,True
Col4a3,,0.8674444964757916,,False,False
Col4a4,,0.5436700159168212,,False,False
Col4a5,0.12924196843214,0.4033401244840027,0.2740981560518627,True,False
Col4a6,,0.6143596298652116,,False,False
Col5a1,,-0.2533428647562274,,False,False
Col5a2,1.1632487729075545,-0.183743737721372,-1.3469925106289264,False,True
Col6a1,0.7830379591098658,0.02320735987929,-0.7598305992305758,False,True
Col6a2,0.9117601037056311,0.104949984581462,-0.8068101191241691,False,True
Col6a3,0.9805330915749918,0.0721462178680483,-0.9083868737069435,False,True
Col6a4,,-3.300227770654444,,False,False
Col6a5,,-0.1710419656215923,,False,False
Col6a6,0.0486104605684552,-0.9416033373127698,-0.990213797881225,False,True
Col7a1,,0.2414227072081722,,False,False
Col8a1,,0.0233445280445112,,False,False
Colec12,-0.3873522660683183,-0.0020576444733935,0.3852946215949248,True,False
Colq,,0.5128286684205496,,False,False
Comp,0.6307811287081548,,,False,False
Creld1,-0.5716347370902352,0.2155267292954549,0.7871614663856901,True,False
Creld2,-0.5196182578340564,0.6751720220663747,1.194790279900431,True,False
Crispld2,,-0.0704771252873248,,False,False
Crlf1,,0.6494422170302208,,False,False
Crlf3,0.0895732001240562,0.0942316641508251,0.004658464026768894,True,False
Cspg4,-0.6034492931338511,-0.0859195173282885,0.5175297758055626,True,False
Cspg5,-0.0150516255483652,,,False,False
Cst3,-0.2058364095365558,-0.0521281398252575,0.1537082697112983,True,False
Cstb,0.45058310233244436,-0.0148952130567495,-0.4654783153891939,False,True
Ctsa,0.4798694933144932,0.0209385984264737,-0.45893089488801947,False,True
Ctsb,0.4770043563664857,-0.0170158328911154,-0.4940201892576011,False,True
Ctsc,0.017541403332720806,-0.0420353062280455,-0.05957670956076631,False,True
Ctsd,0.630048744939007,0.0378336013371609,-0.5922151436018461,False,True
Ctsf,-0.1930940475061068,,,False,False
Ctsg,,0.8199555059934533,,False,False
Ctsh,-0.10509821570503272,0.0725234303224143,0.177621646027447,True,False
Ctsl,-0.25726299946198894,-0.00029914859522,0.25696385086676893,True,False
Ctss,1.2830542609081799,0.2854674050617242,-0.9975868558464557,False,True
Ctsz,0.5364760240628683,-0.0164945938632649,-0.5529706179261332,False,True
Cx3cl1,-0.2507753847451228,,,False,False
Cxcl12,,0.8395760403471509,,False,False
Cxcl15,,-0.2453706509933871,,False,False
DCN,-2.2540385476124856,-0.1426130798999455,2.11142546771254,True,False
DPT,0.3138968618816053,-0.3237415741842883,-0.6376384360658935,False,True
DSPP,,-3.4984126014102133,,False,False
Dcn,0.0009401191957326693,-0.3353680558787675,-0.33630817507450017,False,True
Dmbt1,2.572406317181577,,,False,False
Dpt,1.0561297406153012,-0.1663082922396987,-1.222438032855,False,True
Dspp,-1.3468039834065657,,,False,False
ECM1,,0.470925487497617,,False,False
ECM2,,-0.4260571620000889,,False,False
EDIL3,,-0.3302894862504914,,False,False
EFEMP1,0.3096199661824951,0.024217883797689,-0.2854020823848061,False,True
EFEMP2,,-0.187524379862195,,False,False
EMILIN1,-0.171481637708057,-0.3133188528578344,-0.1418372151497774,False,True
EMILIN3,,-0.5061867897320991,,False,False
EPYC,,0.4741478851679917,,False,False
Ecm1,-0.1582958527445222,-0.0179787534109922,0.14031709933353,True,False
Ecm2,,0.0165355003227706,,False,False
Edil3,0.2965106038648388,,,False,False
Efemp1,,0.0769032098380257,,False,False
Egfl7,,0.2034559307557088,,False,False
Egflam,,-0.1373196294283901,,False,False
Egln1,-0.3048899981359834,,,False,False
Elfn1,-0.4161499206545901,,,False,False
Elfn2,-0.6130018836455975,,,False,False
Eln,,0.0570920117346701,,False,False
Emid1,,0.0757208202537943,,False,False
Emilin1,,-0.0303293750077952,,False,False
Emilin2,,-0.1555104142732337,,False,False
F10,,1.4165291317520712,,False,False
F12,,0.5083053004739677,,False,False
F13A1,,0.6378536188788496,,False,False
F13B,,0.0930215273485619,,False,False
F13a1,0.048890070753289216,0.4658600025116314,0.4169699317583422,True,False
F13b,0.2614900461148452,6.775994369178031,6.514504323063186,True,False
F2,0.3654837962572682,1.0185273409565094,0.6530435446992413,True,False
F7,,-0.1175834778104222,,False,False
F9,,3.2417325261994367,,False,False
FAM20C,,0.1826646645104944,,False,False
FBLN1,1.50443532640121,0.140907149935915,-1.3635281764652951,False,True
FBLN2,,-0.3808714129070215,,False,False
FBLN5,-0.9912024992428276,-0.0115636199341566,0.979638879308671,True,False
FBLN7,,-0.1110538094725687,,False,False
FBN1,-0.0933338109037277,-0.6163313166264431,-0.5229975057227154,False,True
FBN2,,-0.1175834778104222,,False,False
FBN3,,5.834226743202933,,False,False
FCN2,,2.052394958458483,,False,False
FCN3,,0.3144716358055652,,False,False
FGA,-0.6260514058273221,1.7903377008931536,2.4163891067204757,True,False
FGB,-0.704855650239366,1.5495284187395115,2.2543840689788777,True,False
FGFBP2,,-0.2745390320320768,,False,False
FGG,0.3056020120291911,1.6570632992743417,1.3514612872451506,True,False
FLG,0.0600860462390869,,,False,False
FMOD,-1.6779774841063488,-0.2585757697265275,1.4194017143798212,True,False
FN1,-0.5907922119508683,0.3772816196895409,0.9680738316404092,True,False
FNDC1,,-0.727625991612369,,False,False
FRZB,,-0.5335484162279946,,False,False
FSTL1,,-0.3557260028027589,,False,False
FSTL3,,-0.0199478029189841,,False,False
Fam132a,,0.1865229779859726,,False,False
Fbln1,0.0353978967040093,-0.0935296071349365,-0.1289275038389458,False,True
Fbln2,0.1086050019554826,0.136906052033787,0.0283010500783044,True,False
Fbln5,-1.5439709264069084,-0.111136512823142,1.4328344135837663,True,False
Fbn1,0.392106437462429,-0.1258889489930244,-0.5179953864554534,False,True
Fbn2,0.2561371732170867,,,False,False
Fga,0.0264280169019796,0.1957114161471353,0.1692833992451557,True,False
Fgb,-0.2180294786481115,0.2133361536968218,0.4313656323449333,True,False
Fgf1,-0.8112616903818952,-0.0066418045551957,0.8046198858266995,True,False
Fgf12,-1.938710746461402,,,False,False
Fgf13,-1.32666833594959,,,False,False
Fgf2,,-0.423764708275976,,False,False
Fgfbp1,1.6131989493557888,,,False,False
Fgg,1.313457103466714,0.2225607128081588,-1.0908963906585551,False,True
Fmod,0.16540173534051217,-6.330935460589047,-6.496337195929559,False,True
Fn1,-0.3315046846741978,0.020827339803569135,0.35233202447776696,True,False
Fras1,,-0.8526470388014435,,False,False
Frem1,,-2.1489945630225167,,False,False
Frem2,,0.0165355003227706,,False,False
Fstl1,-0.5602601891755901,0.0048295691025204,0.5650897582781105,True,False
GDF10,,-0.1175834778104222,,False,False
GDF5,,-0.0976613264530963,,False,False
GDF6,,-0.3581627303457484,,False,False
GPC1,-0.9529487717951464,-0.1979867614676702,0.7549620103274761,True,False
GPC6,-1.962423024010843,,,False,False
Gpc1,-0.5392819120541607,,,False,False
Gpc4,-0.11112914853366196,-0.2266252495338202,-0.11549610100015825,False,True
Gpc5,-0.7843019383105939,,,False,False
Gpc6,-0.0553430816419382,,,False,False
HABP2,,-0.1284523772758541,,False,False
HAPLN1,,-0.338348454947356,,False,False
HAPLN3,,-0.423846498047514,,False,False
HGFAC,,0.2268125041016089,,False,False
HHIP,,-0.3799421725695813,,False,False
HMCN1,,-0.4882484455313498,,False,False
HPX,-0.0283054317155657,1.8052578978604787,1.8335633295760445,True,False
HRG,0.3180248555769258,1.3418473676512774,1.0238225120743516,True,False
HRNR,-0.257014957050959,-0.5574199381701344,-0.30040498111917535,False,True
HSPG2,-0.6041010421498592,-0.3797974125511585,0.22430362959870065,True,False
HTRA1,,0.1932499929809324,,False,False
HTRA3,,0.2174031029041142,,False,False
HYAL1,,-0.0639826107148903,,False,False
Hapln1,0.9782018141304938,-0.4662168837312759,-1.4444186978617697,False,True
Hapln2,4.226391271798384,,,False,False
Hapln4,0.282674045340768,,,False,False
Hcfc1,-0.3615292024771931,0.0791212190697045,0.4406504215468976,True,False
Hcfc2,,0.0137345263888883,,False,False
Hmcn1,,-0.3112031402111838,,False,False
Hmcn2,-0.2816048782762129,,,False,False
Hpx,0.5732306534316425,0.8722796742999522,0.29904902086830976,True,False
Hrg,,0.63117370355842,,False,False
Hspg2,0.7611319287203755,0.0397690441484814,-0.7213628845718941,False,True
Htra1,3.0684256799509892,0.5526257254243226,-2.5157999545266665,False,True
Htra4,,-0.1543554583220422,,False,False
Hyal2,,0.1360706979075703,,False,False
IBSP,,-0.1175834778104222,,False,False
IGF2,,-0.17797815070208,,False,False
IGFALS,,0.834021290967578,,False,False
IGFBP2,,-0.1034128601165764,,False,False
IGFBP3,,-0.0388102316208954,,False,False
IGFBP5,,-0.2613916495369463,,False,False
IGFBP6,,0.0407800163164417,,False,False
IGFBP7,,-0.577357160433488,,False,False
IL11,,-0.1175834778104222,,False,False
IL17B,,-1.1844211872810368,,False,False
INHBA,,-0.1586397986519273,,False,False
ISM2,,-0.1175834778104222,,False,False
ITIH1,0.6209557709029162,1.4105786311929374,0.7896228602900212,True,False
ITIH2,,1.4340115104491171,,False,False
ITIH3,,2.984236072268215,,False,False
ITIH4,0.2588451087471763,1.1064049144546229,0.8475598057074465,True,False
ITIH5,,-0.515550581608721,,False,False
ITIH6,,-0.1139129189871219,,False,False
Igf2,-0.3477281872503166,,,False,False
Igfbp2,,0.0165355003227706,,False,False
Igfbp5,0.7824635998510061,0.0165355003227706,-0.7659280995282355,False,True
Igfbp6,-1.264339177958111,0.1941536430174069,1.458492820975518,True,False
Igfbp7,-0.6207761310870022,-0.5147812726289736,0.1059948584580287,True,False
Il16,-1.2578778296435362,-0.043035262152531,1.2148425674910053,True,False
Inhbe,,0.3555127858607763,,False,False
Itih1,0.9250562609149438,-0.0643114162604901,-0.9893676771754338,False,True
Itih2,2.7731000781012596,0.1334288390453481,-2.6396712390559114,False,True
Itih3,1.001092358853862,0.0165355003227706,-0.9845568585310914,False,True
Itih4,0.3661289694471637,0.4487057517686677,0.082576782321504,True,False
Itih5,-0.36187237027909164,-0.0564749989812183,0.30539737129787337,True,False
KAL1,,-0.949727520152278,,False,False
KERA,,-0.0522820351984088,,False,False
KNG1,-0.2739201011754243,3.815680717770139,4.089600818945563,True,False
Kera,-2.533315699934751,,,False,False
Kng1,0.8164567011171926,0.4748842961017473,-0.3415724050154453,False,True
Kng2,,0.3966572914742678,,False,False
LAMA2,,0.0689467464764455,,False,False
LAMA4,0.0814614005211961,0.1052596979471591,0.023798297425962997,True,False
LAMA5,0.770421896971663,-0.3808769653460855,-1.1512988623177485,False,True
LAMB1,-3.2364117521197007,0.2025780906064369,3.4389898427261376,True,False
LAMB2,0.0176046779437427,-0.0982475053770123,-0.115852183320755,False,True
LAMC1,-0.8474638383466704,0.3558928312140546,1.203356669560725,True,False
LEFTY2,,-0.1650484039880727,,False,False
LEP,,-0.1175834778104222,,False,False
LGALS1,0.5991746810148164,-0.129691760995228,-0.7288664420100444,False,True
LGALS3,1.1616075977186584,-0.190554425179323,-1.3521620228979814,False,True
LMAN1,-0.228131793222503,3.3661312232426197,3.594263016465123,True,False
LOX,,-0.5784121238554194,,False,False
LOXL2,,-0.4984213070999813,,False,False
LOXL3,,-0.3092140139792624,,False,False
LOXL4,,-0.2188242720647789,,False,False
LPA,,2.8821606631915206,,False,False
LRG1,,3.185664421906503,,False,False
LTBP1,,2.4566960244392413,,False,False
LTBP2,,-0.1279903350252718,,False,False
LTBP3,,-0.4075873700604717,,False,False
LTBP4,,-0.7073702973084858,,False,False
LUM,-0.2955786583993802,-0.1899158946871001,0.10566276371228009,True,False
Lama1,0.6166890504747726,-0.1425548810677901,-0.7592439315425628,False,True
Lama2,0.252308728279516,-0.6132419533086977,-0.8655506815882137,False,True
Lama3,0.3058247546455104,0.04896068290016675,-0.25686407174534365,False,True
Lama4,-0.2043512536276958,-0.4057216078223568,-0.20137035419466098,False,True
Lama5,1.0944750921957427,0.2092842060960935,-0.8851908860996491,False,True
Lamb1,-0.9065058636680217,-0.567896901248817,0.3386089624192047,True,False
Lamb2,0.760388669250304,0.1627032688675387,-0.5976854003827653,False,True
Lamb3,,-0.1051477507294406,,False,False
Lamc1,0.94936893076647,0.1478479565737385,-0.8015209741927315,False,True
Lamc2,,-0.1445561645984119,,False,False
Lgals1,0.4055688924718823,0.0291604582500257,-0.3764084342218566,False,True
Lgals12,-0.918563864460271,,,False,False
Lgals3,,0.2305836787921365,,False,False
Lgals8,,0.0231127138452785,,False,False
Lgals9,,-0.0952743861965929,,False,False
Lgalsl,-0.1616959748309083,0.1801126523978208,0.34180862722872907,True,False
Lgi1,-0.7393131216532225,,,False,False
Lgi2,-1.4336663936155425,,,False,False
Lgi3,0.743545046308796,,,False,False
Lman1,-0.7078100450504912,-0.1689474077386137,0.5388626373118774,True,False
Lox,,-0.7757171877897789,,False,False
Loxl1,,-0.182524312732526,,False,False
Loxl2,,-0.3280007537245639,,False,False
Loxl3,,-0.0557493793871829,,False,False
Lrg1,,0.0165355003227706,,False,False
Ltbp1,,0.0565104187141172,,False,False
Ltbp2,,-0.8674063333795893,,False,False
Ltbp4,-1.2263552454837352,-0.4720204688019183,0.7543347766818169,True,False
Lum,0.6871551220937409,0.1247831295912566,-0.5623719925024843,False,True
MASP1,,0.4451482891485664,,False,False
MASP2,,3.1695743068673905,,False,False
MATN1,,-0.1175834778104222,,False,False
MATN2,,-0.6559003770046987,,False,False
MATN3,,-1.091794605629822,,False,False
MATN4,,-0.2119352815990051,,False,False
MBL2,,0.0313805301887014,,False,False
MDK,,-0.3408232563582025,,False,False
MFAP2,,-4.27978626107216,,False,False
MFAP4,,3.1735832929769834,,False,False
MFGE8,,-0.0006213489525403,,False,False
MGP,,-0.5698058433080809,,False,False
MMP14,,-0.161862196322302,,False,False
MMP2,,0.3893153415497906,,False,False
MMP3,,0.1633699387672643,,False,False
MMRN2,,-0.3512618417962692,,False,False
MST1,,-0.0281550019086853,,False,False
MXRA5,,-0.45985168575303,,False,False
Masp2,,0.0165355003227706,,False,False
Matn2,-0.5308388867185329,,,False,False
Matn4,-2.05215545858606,-0.5227987518863367,1.5293567066997236,True,False
Mbl1,,-0.112552545515475,,False,False
Mbl2,-2.1848179776085517,,,False,False
Megf10,0.1428135289195339,,,False,False
Megf8,-0.2100036037406641,,,False,False
Megf9,-1.1691516628551943,,,False,False
Mfap1b,,0.1564785775296602,,False,False
Mfap4,,0.1862852198329169,,False,False
Mfap5,,-1.2530560015896337,,False,False
Mfge8,0.9899570363376757,1.0099457599641113,0.019988723626435556,True,False
Mgp,,0.544025281464752,,False,False
Mmp17,-0.8528524237844809,,,False,False
Mmp19,,0.0560285012269626,,False,False
Mmp2,,-0.1237422672072595,,False,False
Mmp8,,0.0643098005887745,,False,False
Mmp9,,0.3519884784689476,,False,False
Mmrn1,,0.2544975767173579,,False,False
Mmrn2,-0.5532960547006649,-0.0247918961776869,0.5285041585229779,True,False
Mstn,-0.1177488247574345,,,False,False
Muc1,,0.2430618667825977,,False,False
NELL1,,0.0214575283778975,,False,False
NID1,1.0952235343755443,-0.1506998107921242,-1.2459233451676686,False,True
NID2,-2.770738080367955,-0.4704132180560577,2.3003248623118973,True,False
NPNT,,-3.7028236517028135,,False,False
NTN1,,-0.2689865929692758,,False,False
Ncan,0.3701950715562629,,,False,False
Ndnf,,-0.2984423858003583,,False,False
Nell2,-0.5852930897986456,,,False,False
Ngly1,0.282231136140636,-0.0964650058707405,-0.37869614201137647,False,True
Nid1,-0.2882257125604606,0.1708140224772625,0.4590397350377231,True,False
Nid2,0.2538717455303385,-0.3494483680390455,-0.603320113569384,False,True
Npnt,,-0.1059597862675734,,False,False
Nrg3,-0.3634372886076626,,,False,False
Ntn1,,0.0202925363682664,,False,False
Ntn4,,-0.1662397081570842,,False,False
Ntng1,-0.1868750115363279,,,False,False
OGN,0.1212349369407589,-0.2119035533757864,-0.3331384903165453,False,True
OMD,,0.2802487810392065,,False,False
Ogfod1,-0.6152470524954038,,,False,False
Ogn,-0.5843531201734579,0.0404109911617287,0.6247641113351866,True,False
P3H1,,-0.4975666280870998,,False,False
P4HA1,,-0.4028578817873377,,False,False
P4HA2,,-0.4022292663648709,,False,False
P4ha1,-0.2173110638047072,-0.1571893526155811,0.0601217111891261,True,False
P4htm,-0.2937521517863103,,,False,False
PAMR1,,-0.3423303469609635,,False,False
PAPPA,,-0.1905901194304397,,False,False
PCOLCE,,-0.3444204436653202,,False,False
PCOLCE2,,-0.1876512927550581,,False,False
PCSK5,,-0.1175834778104222,,False,False
PDGFC,,-0.0889923826649013,,False,False
PDGFD,,-0.2336135901113362,,False,False
PLG,-0.3547709704489309,2.118193363439892,2.472964333888823,True,False
PLOD1,,-0.0165727131743833,,False,False
PLOD2,,-0.2204043375809359,,False,False
PLOD3,,-1.399582003964081,,False,False
PLXDC2,,-0.045580241249612,,False,False
PLXNB2,0.3647275628135114,,,False,False
PODNL1,,-0.1175834778104222,,False,False
POSTN,-0.1756161186283106,0.282961544124175,0.4585776627524856,True,False
PPBP,,-0.1479989457908612,,False,False
PRELP,0.1765554965308263,-0.0842133190429915,-0.2607688155738178,False,True
PRG4,,0.5344592714737064,,False,False
PRSS2,,-0.366414051395858,,False,False
PTN,,-0.2801953810259083,,False,False
PXDN,,-0.0615910958899844,,False,False
Papln,,0.25400925804916,,False,False
Pappa,-0.4865775632743526,,,False,False
Parm1,-1.744906984116633,,,False,False
Pcolce,-4.056164301070654,-0.1937487836928379,3.8624155173778156,True,False
Pcolce2,,0.4100860548497356,,False,False
Pdgfd,,0.0165355003227706,,False,False
Pf4,,0.3776704740439093,,False,False
Pik3ip1,0.0779657503574146,,,False,False
Plat,,0.5741460388663787,,False,False
Plau,,-0.0893816418185518,,False,False
Plg,0.2904579257230326,0.3024858593211115,0.01202793359807891,True,False
Plod1,,-0.1688555050679134,,False,False
Plod3,,0.0330670075956167,,False,False
Plxdc1,-0.918153220231043,,,False,False
Plxdc2,-1.1707351530374634,0.3118050644664561,1.4825402175039195,True,False
Plxna1,-0.8165392044032863,-0.0014252992317091,0.8151139051715772,True,False
Plxna2,-0.902769629775081,,,False,False
Plxna4,-0.5937866567116997,,,False,False
Plxnb1,-0.2687416464154117,0.1380280876253278,0.4067697340407395,True,False
Plxnb2,-0.4815025490532093,-0.0262335335941948,0.45526901545901455,True,False
Plxnc1,-0.3682494133190416,,,False,False
Plxnd1,-0.2854289824168926,,,False,False
Podn,-0.498334616531274,-0.0107582211935805,0.4875763953376935,True,False
Postn,-1.0245689631363772,0.2086415732420161,1.2332105363783934,True,False
Prelp,0.5240477139542261,0.1732871644962559,-0.3507605494579702,False,True
Prg2,-0.061651811132682977,0.4287903058597377,0.4904421169924207,True,False
Ptn,-1.1352963353467909,,,False,False
Pxdn,-1.3565521909651994,0.1046317544381398,1.4611839454033393,True,False
Pzp,0.1452318753025122,,,False,False
REG1A,,-0.0926450943626463,,False,False
REG4,,-0.1175834778104222,,False,False
S100A1,,-0.3173483372062633,,False,False
S100A10,0.8657952585576612,-0.4765010708856287,-1.34229632944329,False,True
S100A11,,-0.5161216896266078,,False,False
S100A13,-1.838029778681052,-0.2563230658781885,1.5817067128028635,True,False
S100A16,-0.8011669011945406,,,False,False
S100A4,,-0.4248562487513602,,False,False
S100A6,-0.4560173347520247,-0.4045771548828552,0.051440179869169544,True,False
S100A7,-0.2280581383025464,,,False,False
S100A8,-2.191722543294376,2.443900029312342,4.635622572606718,True,False
S100A9,-1.1766868531300605,-0.055882990232031096,1.1208038628980295,True,False
S100B,,-0.1151245405111825,,False,False
S100a1,0.4909822758028646,0.2522960276655073,-0.23868624813735728,False,True
S100a10,1.4144352754517786,-0.0531472992928727,-1.4675825747446514,False,True
S100a11,0.6282292499226734,0.0300932017735494,-0.598136048149124,False,True
S100a13,-0.0342606436236525,-0.1505174930590656,-0.11625684943541309,False,True
S100a16,-0.0820911272563399,-0.2542906967779287,-0.17219956952158882,False,True
S100a4,1.7701983252244236,0.2236882351263064,-1.5465100900981172,False,True
S100a5,3.715027186636873,,,False,False
S100a6,1.442551987195199,0.3577056475955003,-1.0848463395996988,False,True
S100a8,,0.1272837052432997,,False,False
S100a9,-0.27609793922642023,0.2962913449795804,0.5723892842060005,True,False
S100b,0.9311367787570418,0.0120610747731497,-0.9190757039838922,False,True
S100g,-0.3163770182735136,-0.2729016734355758,0.0434753448379378,True,False
SCUBE1,,-1.061668657686231,,False,False
SCUBE3,,-0.231884401946065,,False,False
SDC2,0.3037387532225307,-3.1009800291093828,-3.4047187823319134,False,True
SEMA3A,,0.4567409887061128,,False,False
SEMA3B,,0.198761978559132,,False,False
SEMA3C,,-0.0847963251445871,,False,False
SEMA3D,,0.0612050600117439,,False,False
SEMA3E,,-0.2126075233283945,,False,False
SERPINA1,0.4355549032244479,0.2778215719631797,-0.1577333312612682,False,True
SERPINA10,,0.5042972687310064,,False,False
SERPINA3,1.1698931716406338,0.1665903534236888,-1.003302818216945,False,True
SERPINA4,,1.0370938176336888,,False,False
SERPINA5,,-0.4436583938291637,,False,False
SERPINA6,,0.5817478085604144,,False,False
SERPINA7,,0.5975627414224306,,False,False
SERPINB1,1.086926497290119,-0.4595106073534585,-1.5464371046435774,False,True
SERPINB6,1.3417596540969683,-0.3090791690305959,-1.6508388231275641,False,True
SERPINC1,-1.9420900810408868,1.9579460060595808,3.9000360871004673,True,False
SERPIND1,-0.8127812039781145,1.564726237659977,2.3775074416380915,True,False
SERPINE1,,-0.0415666210127848,,False,False
SERPINE2,,-0.0758410341418703,,False,False
SERPINF1,-0.9458271201343676,1.3283747708681823,2.27420189100255,True,False
SERPINF2,0.9198920138579884,1.0780470217497418,0.1581550078917534,True,False
SERPING1,1.6894077704904458,-0.278505059934075,-1.9679128304245208,False,True
SERPINH1,-0.9531565643045604,-0.0220275879507928,0.9311289763537676,True,False
SFRP1,,-0.1118961937989547,,False,False
SFRP4,,-0.1065222259917445,,False,False
SLIT3,,-0.8247857431555682,,False,False
SLPI,,-0.6410317384001013,,False,False
SMOC1,,-0.2461264081421467,,False,False
SMOC2,,-0.2327846902798194,,False,False
SNED1,,-0.4009125451014063,,False,False
SPARC,-0.3952459306148403,-0.4701395621308182,-0.07489363151597789,False,True
SPON1,,-0.2723664419473581,,False,False
SPON2,,0.1111452833537265,,False,False
SPP1,,-0.8289675229754374,,False,False
SRPX,,-0.7837548048926362,,False,False
SRPX2,,-0.2524839508690526,,False,False
SULF1,,-0.1175834778104222,,False,False
SULF2,,-0.1175834778104222,,False,False
SVEP1,,-0.1175834778104222,,False,False
Sdc1,,0.2537417801269713,,False,False
Sdc2,-0.3932119383520135,,,False,False
Sdc3,-0.5437871676690735,,,False,False
Sdc4,-0.20452363278762,2.2615553499531615,2.4660789827407816,True,False
Sema3a,,-0.4883960615936219,,False,False
Sema3c,1.3387755959673675,0.3697407824122884,-0.969034813555079,False,True
Sema3e,,0.1730045980758936,,False,False
Sema3f,,0.1640735788381326,,False,False
Sema3g,,-0.1022466440349477,,False,False
Sema4a,-0.6426221859028186,,,False,False
Sema4b,-0.2845633976180732,,,False,False
Sema4d,-0.6730297059561686,,,False,False
Sema4f,-0.5646917160292789,,,False,False
Sema6d,-0.5044095534754388,,,False,False
Sema7a,-0.7677671966555458,0.7915466072938266,1.5593138039493724,True,False
Serpina1a,0.671955430941371,0.5036484603492991,-0.1683069705920719,False,True
Serpina1b,0.41330589792955696,0.5370063864502198,0.12370048852066284,True,False
Serpina1c,0.5577908664600258,0.5553581152755924,-0.0024327511844334238,False,True
Serpina1d,-0.40123264010887616,0.3840817140864975,0.7853143541953737,True,False
Serpina1e,-1.5332809816157527,3.060987042523208,4.594268024138961,True,False
Serpina3k,-1.1768170905308537,,,False,False
Serpina3m,0.8255556511561731,0.2352336795932439,-0.5903219715629292,False,True
Serpina3n,2.364542673269531,0.5969749366046757,-1.7675677366648552,False,True
Serpina6,0.8626809309786454,-0.0669080096281856,-0.929588940606831,False,True
Serpinb1a,0.7322065933536047,0.2527966914685755,-0.47940990188502924,False,True
Serpinb6a,0.6071036947342274,0.0875721497291798,-0.5195315450050476,False,True
Serpinb6b,,-0.0674237619294294,,False,False
Serpinb8,-0.40677764423395113,-0.0117513187098045,0.3950263255241466,True,False
Serpinb9,-0.4719556703281464,0.0234816962097343,0.4954373665378807,True,False
Serpinb9b,0.5772228297505393,0.0165355003227706,-0.5606873294277687,False,True
Serpinc1,0.8158084562628471,0.2937578489678847,-0.5220506072949624,False,True
Serpind1,0.0047867226747096,0.1419442387424798,0.1371575160677702,True,False
Serpine2,0.5774589109912838,0.4640823030903223,-0.11337660790096149,False,True
Serpinf1,-1.2851989486102493,0.1257337049762613,1.4109326535865105,True,False
Serpinf2,0.1152534983459008,0.4794012437825838,0.364147745436683,True,False
Serping1,-0.0611530243009282,0.5418662545441228,0.603019278845051,True,False
Serpinh1,-1.6062542342325221,-0.2591066710589557,1.3471475631735665,True,False
Serpini1,-0.7905408139268282,,,False,False
Sftpa1,,0.4261937124920383,,False,False
Sftpb,,-0.1897434732682851,,False,False
Sftpc,,-0.0878014645551661,,False,False
Sftpd,,0.3222888273345589,,False,False
Slit1,-1.214744759647599,,,False,False
Slit2,-0.7106230625839794,,,False,False
Slit3,-0.670830995397659,-0.0798704012418906,0.5909605941557684,True,False
Smoc2,6.378538290850064,,,False,False
Sparc,-0.9694761565506889,-0.0987557142299879,0.870720442320701,True,False
Sparcl1,-0.6079378713070162,0.4112135771678833,1.0191514484748994,True,False
Spock1,-0.9243487252677188,,,False,False
Spock2,-0.7503065300286985,,,False,False
Spon1,-0.5199967638371366,0.3193671454152798,0.8393639092524163,True,False
Srpx,,0.3396227683739651,,False,False
Srpx2,,0.0171170933433235,,False,False
Stfa2l1,,0.5121853497256458,,False,False
Svep1,,0.0394288670987222,,False,False
TGFB1,,-0.1671128206617602,,False,False
TGFBI,0.9780033654554422,-0.2834665608394778,-1.26146992629492,False,True
TGM2,,-0.3187642091672787,,False,False
THBS1,-2.390432320319478,0.0722861419699297,2.462718462289408,True,False
THBS2,,-0.0042106042038452,,False,False
THBS3,,-0.8463530028866463,,False,False
THBS4,,-0.4526057527760754,,False,False
TIMP1,,0.0691212517041334,,False,False
TIMP2,,-0.2366753636516813,,False,False
TIMP3,,0.5718866767848794,,False,False
TNC,,-0.8155686943113217,,False,False
TNFAIP6,,0.6292751005268236,,False,False
TNXB,-0.9536573308915288,-1.3618255813653997,-0.40816825047387084,False,True
TSKU,,-0.161231597885885,,False,False
Tgfb2,,0.0165355003227706,,False,False
Tgfbi,0.09943907371664246,0.1233085718150942,0.02386949809845175,True,False
Tgm1,,-0.0364402167685461,,False,False
Tgm2,0.32933336190909684,-0.1301823125645501,-0.45951567447364694,False,True
Thbs1,,0.4625487630031141,,False,False
Thbs3,,-0.1924127657635551,,False,False
Thbs4,0.033369363000542704,,,False,False
Timp2,-0.5438670337224736,,,False,False
Timp3,,0.6260518442689429,,False,False
Tinag,,-0.5810348681140065,,False,False
Tinagl1,0.5445663465260107,0.1807477410028125,-0.36381860552319817,False,True
Tnc,-1.8429063443132783,-0.0902650048025966,1.7526413395106817,True,False
Tnfsf10,,0.1428989291724425,,False,False
Tnfsf12,,-0.1836202863726698,,False,False
Tnr,-0.5691036374434375,,,False,False
Tnxb,,-0.0294268084806207,,False,False
Try4,0.0524259208642683,,,False,False
VCAN,-0.6905265508908869,-0.5190644823298923,0.17146206856099455,True,False
VEGFA,,-0.6408651652282169,,False,False
VIT,,-1.900094888224853,,False,False
VTN,2.1977367672868007,2.1098706538875462,-0.08786611339925443,False,True
VWA1,,-0.222362762158943,,False,False
VWF,,0.7310235463526353,,False,False
Vcan,0.4159925356968015,0.1879051758642205,-0.228087359832581,False,True
Vtn,0.3532991162016059,0.7341609336905491,0.3808618174889432,True,False
Vwa1,0.008685605495057203,0.0047349230685167,-0.003950682426540502,False,True
Vwa5a,-0.1745686915465603,0.1508642845270214,0.3254329760735817,True,False
Vwa5b2,-0.3404494829082798,,,False,False
Vwa9,,0.0105590833639453,,False,False
Vwf,-0.8751914735417738,0.2826938647608856,1.1578853383026595,True,False
WFIKKN2,,-0.1175834778104222,,False,False
WIF1,,0.2402950159544577,,False,False
Wnt3a,,0.0038447016762085,,False,False
Wnt4,,0.1307924669097385,,False,False
Wnt9a,,0.0165355003227706,,False,False
ZP4,-1.8848599876611651,,,False,False
